{
  "1.00": {
    "mean": 15.883879661560059,
    "std": 0.6842720335187787,
    "all": [
      15.749896049499512,
      16.11854362487793,
      15.695013046264648,
      16.98356819152832,
      14.872377395629883
    ]
  },
  "0.50": {
    "mean": 15.968216133117675,
    "std": 0.9234401288933588,
    "all": [
      17.482044219970703,
      16.52714729309082,
      15.61322021484375,
      14.938672065734863,
      15.279996871948242
    ]
  },
  "0.20": {
    "mean": 17.42958297729492,
    "std": 0.44750171984815035,
    "all": [
      17.910673141479492,
      16.622802734375,
      17.75248146057129,
      17.516651153564453,
      17.345306396484375
    ]
  },
  "0.10": {
    "mean": 20.275712966918945,
    "std": 1.3033406582474576,
    "all": [
      18.575632095336914,
      20.964828491210938,
      20.372648239135742,
      19.199560165405273,
      22.26589584350586
    ]
  },
  "0.05": {
    "mean": 21.348783493041992,
    "std": 2.571934039146698,
    "all": [
      25.48516845703125,
      21.39668083190918,
      18.63249969482422,
      18.677448272705078,
      22.552120208740234
    ]
  }
}