{
  "mlp_probe_100pct": {
    "mean": 16.554689025878908,
    "std": 0.7196004355126575,
    "all": [
      17.85745620727539,
      16.577787399291992,
      16.535037994384766,
      15.763916015625,
      16.039247512817383
    ]
  }
}