{
  "frozen_200ep": {
    "mean": 18.088189697265626,
    "std": 1.4994475540345746,
    "all": [
      19.738849639892578,
      16.447017669677734,
      18.619985580444336,
      16.175249099731445,
      19.45984649658203
    ]
  },
  "e2e_200ep": {
    "mean": 14.822760200500488,
    "std": 1.2661795681938814,
    "all": [
      14.99033260345459,
      17.062541961669922,
      13.922758102416992,
      13.3530912399292,
      14.785077095031738
    ]
  }
}