{
  "fd002_indomain": {
    "1.00": {
      "frozen": {
        "mean": 26.329483032226562,
        "std": 0.43578603852692965,
        "all": [
          25.726598739624023,
          26.22574234008789,
          26.04405975341797,
          26.85525131225586,
          26.79576301574707
        ]
      },
      "e2e": {
        "mean": 24.450772094726563,
        "std": 0.46973426694528164,
        "all": [
          23.58504295349121,
          24.812515258789062,
          24.70259666442871,
          24.324169158935547,
          24.82953643798828
        ]
      }
    },
    "0.50": {
      "frozen": {
        "mean": 26.443426895141602,
        "std": 1.1045929756775743,
        "all": [
          26.683076858520508,
          25.4976863861084,
          28.35817527770996,
          25.225875854492188,
          26.452320098876953
        ]
      },
      "e2e": {
        "mean": 24.782869720458983,
        "std": 0.32588092229451443,
        "all": [
          24.586687088012695,
          24.483243942260742,
          24.976964950561523,
          24.534013748168945,
          25.333438873291016
        ]
      }
    },
    "0.20": {
      "frozen": {
        "mean": 27.3450870513916,
        "std": 0.47793989600082404,
        "all": [
          27.710737228393555,
          28.057098388671875,
          26.7204532623291,
          27.18448257446289,
          27.052663803100586
        ]
      },
      "e2e": {
        "mean": 27.13377914428711,
        "std": 0.847098706535331,
        "all": [
          27.97126579284668,
          27.704071044921875,
          27.790145874023438,
          26.094663619995117,
          26.108749389648438
        ]
      }
    },
    "0.10": {
      "frozen": {
        "mean": 30.02863655090332,
        "std": 1.3364688375985554,
        "all": [
          28.398405075073242,
          29.523082733154297,
          29.70950698852539,
          30.05144500732422,
          32.46074295043945
        ]
      },
      "e2e": {
        "mean": 27.127454376220705,
        "std": 1.2202591252259671,
        "all": [
          25.538280487060547,
          28.678916931152344,
          26.64344024658203,
          26.353357315063477,
          28.423276901245117
        ]
      }
    }
  },
  "cross_fd002_to_fd001": {
    "1.00": {
      "frozen": {
        "mean": 17.495921325683593,
        "std": 0.8258965260492533,
        "all": [
          18.676122665405273,
          16.60245132446289,
          17.4067325592041,
          18.169126510620117,
          16.625173568725586
        ]
      },
      "e2e": {
        "mean": 17.499020767211913,
        "std": 0.3324882298583289,
        "all": [
          17.26142120361328,
          17.134002685546875,
          18.082929611206055,
          17.613079071044922,
          17.403671264648438
        ]
      }
    },
    "0.50": {
      "frozen": {
        "mean": 17.431428909301758,
        "std": 0.9638437627107372,
        "all": [
          18.663206100463867,
          16.76641845703125,
          16.866714477539062,
          18.5181884765625,
          16.34261703491211
        ]
      },
      "e2e": {
        "mean": 18.078436279296874,
        "std": 1.7018570936363298,
        "all": [
          19.562671661376953,
          17.426939010620117,
          20.57906150817871,
          16.562423706054688,
          16.261085510253906
        ]
      }
    },
    "0.20": {
      "frozen": {
        "mean": 19.833944702148436,
        "std": 0.6156209937561201,
        "all": [
          20.709245681762695,
          19.664386749267578,
          19.08740234375,
          20.374866485595703,
          19.33382225036621
        ]
      },
      "e2e": {
        "mean": 17.334331893920897,
        "std": 0.5872136738926079,
        "all": [
          17.568815231323242,
          17.575027465820312,
          16.876609802246094,
          16.488489151000977,
          18.162717819213867
        ]
      }
    },
    "0.10": {
      "frozen": {
        "mean": 24.450956726074217,
        "std": 2.385384744895482,
        "all": [
          23.62811279296875,
          28.98750877380371,
          22.159297943115234,
          24.42188262939453,
          23.057981491088867
        ]
      },
      "e2e": {
        "mean": 23.41349678039551,
        "std": 2.2553972636073767,
        "all": [
          25.53644371032715,
          26.535316467285156,
          22.7622127532959,
          20.794878005981445,
          21.43863296508789
        ]
      }
    },
    "0.05": {
      "frozen": {
        "mean": 21.230710220336913,
        "std": 0.9892982738065561,
        "all": [
          22.912389755249023,
          20.2340145111084,
          21.532506942749023,
          21.234390258789062,
          20.240249633789062
        ]
      },
      "e2e": {
        "mean": 22.16284523010254,
        "std": 1.8454560436871026,
        "all": [
          24.97964859008789,
          22.5743350982666,
          21.439477920532227,
          19.288000106811523,
          22.532764434814453
        ]
      }
    }
  }
}