{
  "v2_e2e_100pct": {
    "rmse_mean": 14.784037208557129,
    "rmse_std": 0.573181947754076,
    "phm_mean": 395.66066284179686,
    "phm_std": 62.07150327021814,
    "rmse_all": [
      14.362038612365723,
      15.668618202209473,
      14.63255500793457,
      14.075864791870117,
      15.181109428405762
    ],
    "phm_all": [
      313.6937255859375,
      430.0105895996094,
      446.1739196777344,
      327.8420715332031,
      460.5830078125
    ]
  },
  "lstm_100pct": {
    "rmse_mean": 17.106041145324706,
    "rmse_std": 1.889732317780711,
    "phm_mean": 442.4130615234375,
    "phm_std": 141.97807296776048,
    "rmse_all": [
      15.66079330444336,
      16.369020462036133,
      15.318999290466309,
      17.649816513061523,
      20.53157615661621
    ],
    "phm_all": [
      324.8562927246094,
      362.9695739746094,
      360.5206298828125,
      449.45648193359375,
      714.2623291015625
    ]
  }
}