{
  "total_test_rmse": 26.39461326599121,
  "per_condition": {
    "0": {
      "n_engines": 69,
      "rmse": 23.406232833862305,
      "mean_pred": 63.45481491088867,
      "mean_true": 69.8840560913086
    },
    "1": {
      "n_engines": 32,
      "rmse": 27.13751983642578,
      "mean_pred": 73.84429168701172,
      "mean_true": 82.9375
    },
    "2": {
      "n_engines": 42,
      "rmse": 28.361234664916992,
      "mean_pred": 75.88479614257812,
      "mean_true": 91.73809814453125
    },
    "3": {
      "n_engines": 41,
      "rmse": 30.350200653076172,
      "mean_pred": 67.2357177734375,
      "mean_true": 79.41463470458984
    },
    "4": {
      "n_engines": 39,
      "rmse": 24.495189666748047,
      "mean_pred": 75.2384262084961,
      "mean_true": 83.05128479003906
    },
    "5": {
      "n_engines": 36,
      "rmse": 25.884798049926758,
      "mean_pred": 75.97262573242188,
      "mean_true": 88.97222137451172
    }
  },
  "test_condition_counts": [
    69,
    32,
    42,
    41,
    39,
    36
  ],
  "train_condition_counts": [
    114,
    11,
    14,
    29,
    43,
    10
  ]
}