{
  "description": "V16b label efficiency - E2E fine-tuning at 5 label fractions",
  "budgets": [
    1.0,
    0.5,
    0.2,
    0.1,
    0.05
  ],
  "n_seeds": 3,
  "v16b_e2e": {
    "1.0": {
      "mean": 15.358240763346354,
      "std": 1.0749975618800647,
      "per_seed": [
        14.906102180480957,
        16.841333389282227,
        14.327286720275879
      ]
    },
    "0.5": {
      "mean": 22.428471247355144,
      "std": 6.276690558960376,
      "per_seed": [
        19.668100357055664,
        31.11485481262207,
        16.502458572387695
      ]
    },
    "0.2": {
      "mean": 27.005417505900066,
      "std": 5.284385150084805,
      "per_seed": [
        19.884164810180664,
        32.528926849365234,
        28.603160858154297
      ]
    },
    "0.1": {
      "mean": 29.271828333536785,
      "std": 1.0624375227191525,
      "per_seed": [
        28.426868438720703,
        30.7702693939209,
        28.61834716796875
      ]
    },
    "0.05": {
      "mean": 40.64812405904134,
      "std": 10.182733625502761,
      "per_seed": [
        30.496774673461914,
        54.569400787353516,
        36.878196716308594
      ]
    }
  }
}