{
  "config": "v16a",
  "architecture": "bidi_context_encoder + causal_target_encoder (EMA)",
  "fix": "target=x_{t+1:t+k} not x_{0:t+k} - no shared prefix",
  "seeds": [
    42,
    123,
    456
  ],
  "n_epochs": 200,
  "frozen_probe_rmse_per_seed": [
    4.751245021820068,
    8.532983779907227,
    12.452234983444214
  ],
  "e2e_rmse_per_seed": [
    10691.96875,
    10692.03515625
  ],
  "probe_histories": [
    {
      "seed": 42,
      "loss": [
        0.05840852732459704,
        0.024368098156124937,
        0.01736727462606687,
        0.013660692227091275,
        0.011534848752267221,
        0.011612387963515871,
        0.011281921258013623,
        0.010551548183840864,
        0.010847563972952319,
        0.011084673054078046,
        0.010332028169696238,
        0.010048488477135405,
        0.010110342340434298,
        0.010227329884381854,
        0.010127743788647885,
        0.01077587363766689,
        0.010964592912179582,
        0.010967562827555573,
        0.011135161798082147,
        0.011440447063422671,
        0.010877933666548309,
        0.010952955810900996,
        0.010739086451483708,
        0.01081174716718641,
        0.011010428910308024,
        0.010723658022196854,
        0.010515479181034891,
        0.01072726870284361,
        0.010386597840663266,
        0.010779150622878588,
        0.010451217726895622,
        0.010446683785640726,
        0.010464064735992281,
        0.010860669538378715,
        0.010859937751117875,
        0.011204393909258,
        0.010981602597908646,
        0.010412511182035886,
        0.010912884242978751,
        0.010837632006436003,
        0.010877980487603767,
        0.010759443543559196,
        0.010588688756174901,
        0.01081688797137901,
        0.010872628826136682,
        0.011096102452161265,
        0.0112275477308853,
        0.011026253019477806,
        0.011312158548948811,
        0.011068949887127269,
        0.011215974707521644,
        0.01114072304657277,
        0.010925596368079092,
        0.010826466941804279,
        0.011027005214024993,
        0.010945471744326984,
        0.011046056404855906,
        0.011335302914912793,
        0.011845121981904787,
        0.01169490070465733,
        0.011422119906135633,
        0.011701073071681986,
        0.012118257690294116,
        0.012004562563025484,
        0.012515494754793598,
        0.01299344027670575,
        0.012981765013845528,
        0.013538708645193015,
        0.013425038608850217,
        0.014095541907876145,
        0.014170592228571574,
        0.014792972018613534,
        0.014391459061526784,
        0.014631339337895899,
        0.014678474604791285,
        0.01495262358118506,
        0.015238606704800737,
        0.015163066672051655,
        0.01516155807045745,
        0.01487675656582795,
        0.014394836250473471,
        0.014342631494589881,
        0.014597546779641918,
        0.015337437657164592,
        0.014957291687674382,
        0.015622672443004216,
        0.015888444573855867,
        0.016231304654011538,
        0.01615429304101888,
        0.01602133417538568,
        0.016091738427970924,
        0.015950951416995013,
        0.016353863875801657,
        0.01628180183543294,
        0.01639418412072986,
        0.016834774950847908,
        0.017229671405226576,
        0.016889041375880147,
        0.017135529334054274,
        0.01717324789102171,
        0.016769941766180244,
        0.017259201100643943,
        0.017222366568942864,
        0.01730602011522826,
        0.017338984545831587,
        0.01729826933320831,
        0.017327256052225244,
        0.01722797467574185,
        0.016915238873631347,
        0.01676352991485128,
        0.01621302533237373,
        0.016380103836749114,
        0.016519205383225984,
        0.01567234589626976,
        0.01565724997762956,
        0.015623045996854119,
        0.015585615775894885,
        0.015487288027709606,
        0.01518507564476892,
        0.015390817658866154,
        0.014898290152789331,
        0.01507496135272816,
        0.014721441365340177,
        0.014597085933474934,
        0.014706363977462637,
        0.014775090825323965,
        0.014351130874425758,
        0.015017733103504368,
        0.014945930238155757,
        0.015070059135117952,
        0.015456933320006904,
        0.015716155396372663,
        0.01540912353378885,
        0.015757989121564463,
        0.015806493846809162,
        0.015441232361629897,
        0.01564277389324179,
        0.016013447294632593,
        0.015815481328058476,
        0.01565657229984508,
        0.01562755160764152,
        0.016050720182703992,
        0.016037008940589195,
        0.01621159265292626,
        0.016097630227313323,
        0.015595053529330329,
        0.0158834759248238,
        0.016184206717446737,
        0.015748541331028237,
        0.0158832204276148,
        0.015436131160925416,
        0.015650022240246045,
        0.015566914310934496,
        0.016128578757246336,
        0.01570591516938864,
        0.01583745944295444,
        0.015964182785474786,
        0.015764906447307735,
        0.01561401522480974,
        0.0154197600746856,
        0.015523384827024797,
        0.015429495174949076,
        0.0154835074657903,
        0.015397861088607825,
        0.01552718840977725,
        0.015507738292217254,
        0.015844948626324244,
        0.015761142803319528,
        0.015445422531635153,
        0.015393918399132935,
        0.015296025209713215,
        0.015946986235532108,
        0.015394485367133337,
        0.015663122566891653,
        0.015541697259919315,
        0.015525156747476728,
        0.015454520501342474,
        0.015498065378736048,
        0.015702938133595037,
        0.015282304485638937,
        0.015626716049132395,
        0.015415355018248745,
        0.015320311561226844,
        0.015683688648483334,
        0.015811959228971426,
        0.015597746370031553,
        0.015355338259947067,
        0.015399368757418559,
        0.015617172984662009,
        0.01554652138814038,
        0.015515420028538096,
        0.015337910622942682,
        0.01513902877548746,
        0.01556148755126724,
        0.015370538963698874,
        0.0155817979179761,
        0.015533764059198837,
        0.015523446584303005,
        0.015513911429865688,
        0.015363166454960319
      ],
      "probe_rmse": [
        13.154980659484863,
        8.637474060058594,
        4.881983757019043,
        7.318202972412109,
        8.327988624572754,
        5.767578601837158,
        5.9176716804504395,
        4.751245021820068,
        6.497548580169678,
        9.966649055480957,
        9.17597484588623,
        11.94793701171875,
        7.69060754776001,
        13.044255256652832,
        14.011244773864746,
        13.239790916442871,
        11.956955909729004,
        12.244040489196777,
        11.168313980102539,
        11.227664947509766,
        11.15657901763916
      ],
      "probe_epochs": [
        1,
        10,
        20,
        30,
        40,
        50,
        60,
        70,
        80,
        90,
        100,
        110,
        120,
        130,
        140,
        150,
        160,
        170,
        180,
        190,
        200
      ]
    },
    {
      "seed": 123,