{
  "piecewise_linear": {
    "r2_train": 0.9644314050674438,
    "r2_val": 0.9260246753692627
  },
  "sigmoid": {
    "r2_train": 0.9533284902572632,
    "r2_val": 0.9172210097312927
  },
  "raw_rul_norm": {
    "r2_train": 0.964414119720459,
    "r2_val": 0.925959050655365
  }
}