{
  "frozen": {
    "mean": 31.521660995483398,
    "std": 0.9251793238688667,
    "all": [
      31.40833282470703,
      30.73283576965332,
      30.545433044433594,
      31.77985382080078,
      33.141849517822266
    ],
    "baseline": 26.33,
    "target": 20.0
  },
  "e2e": {
    "mean": 24.30949249267578,
    "std": 0.7023268091426884,
    "all": [
      23.326744079589844,
      24.250202178955078,
      24.137529373168945,
      25.52086639404297,
      24.31212043762207
    ]
  },
  "target_met": false,
  "wall_time_s": 2560.835948705673
}