{
  "e2e_baseline": {
    "mean_rmse": 14.479535101470834,
    "std_rmse": 0.5468859379636403,
    "per_seed_rmse": [
      14.53647654473208,
      15.381010769890942,
      14.431962652260133,
      13.661870931474333,
      14.386354608996674
    ],
    "config": {
      "mode": "e2e",
      "lr": 0.0001,
      "wd": 0.0,
      "warmup_epochs": 0
    }
  },
  "e2e_low_lr": {
    "mean_rmse": 14.850913091151849,
    "std_rmse": 0.6934525702487714,
    "per_seed_rmse": [
      14.751653189397748,
      16.020505827452304,
      14.753242793872914,
      13.843042300359073,
      14.886121344677207
    ],
    "config": {
      "mode": "e2e_low_lr",
      "lr": 5e-05,
      "wd": 0.0,
      "warmup_epochs": 0
    }
  },
  "e2e_wd": {
    "mean_rmse": 15.002865127241108,
    "std_rmse": 0.556458393330275,
    "per_seed_rmse": [
      14.665483382504215,
      16.066547543619606,
      14.769565603407727,
      15.008385642983331,
      14.504343463690663
    ],
    "config": {
      "mode": "e2e_wd",
      "lr": 0.0001,
      "wd": 0.0001,
      "warmup_epochs": 0
    }
  },
  "warmup_freeze": {
    "mean_rmse": 15.266157600700044,
    "std_rmse": 1.873138321408599,
    "per_seed_rmse": [
      14.831685301903699,
      14.551473880051372,
      18.93827247746739,
      14.301838474416957,
      13.707517869660803
    ],
    "config": {
      "mode": "warmup_freeze",
      "lr": 0.0001,
      "wd": 0.0,
      "warmup_epochs": 20
    }
  }
}