{
  "linear_baseline": {
    "mean_rmse": 14.47953434028284,
    "std_rmse": 0.5468860311532809,
    "per_seed_rmse": [
      14.536477250415091,
      15.381010769890942,
      14.431958140637153,
      13.661870931474333,
      14.386354608996674
    ],
    "probe_class": "linear_baseline"
  },
  "mlp_small": {
    "mean_rmse": 14.496907250288112,
    "std_rmse": 0.3837473605376856,
    "per_seed_rmse": [
      14.836463728791001,
      14.851159940852376,
      14.54710976506818,
      13.796100840092436,
      14.453701976636562
    ],
    "probe_class": "mlp_small"
  },
  "mlp_large": {
    "mean_rmse": 14.4013724451498,
    "std_rmse": 0.616027429851416,
    "per_seed_rmse": [
      14.362305098073492,
      15.35208156098086,
      13.858826145856957,
      13.655753114519609,
      14.777896306318087
    ],
    "probe_class": "mlp_large"
  },
  "mlp_bn": {
    "mean_rmse": 16.070574128354224,
    "std_rmse": 2.1931921099196248,
    "per_seed_rmse": [
      20.413142753198372,
      14.912956204312573,
      15.094864053804779,
      14.486321448928047,
      15.445586181527345
    ],
    "probe_class": "mlp_bn"
  }
}