{
  "config": "v18_phase6d_crosssensor_honest",
  "ckpt": "/home/sagemaker-user/IndustrialJEPA/mechanical-jepa/experiments/v14/best_pretrain_cross_sensor.pt",
  "per_seed": [
    {
      "seed": 42,
      "val_rmse": 16.792444229125977,
      "test_rmse": 15.044857025146484,
      "f1_by_k": {
        "10": {
          "f1": 0.6666666666666666,
          "auc_pr": 0.8078083407275953
        },
        "20": {
          "f1": 0.6875,
          "auc_pr": 0.7705353812720741
        },
        "30": {
          "f1": 0.9056603773584906,
          "auc_pr": 0.9384310682118866
        },
        "50": {
          "f1": 0.927536231884058,
          "auc_pr": 0.9774067809088637
        }
      }
    },
    {
      "seed": 123,
      "val_rmse": 16.582225799560547,
      "test_rmse": 15.273393630981445,
      "f1_by_k": {
        "10": {
          "f1": 0.6666666666666666,
          "auc_pr": 0.7929544726907491
        },
        "20": {
          "f1": 0.7647058823529411,
          "auc_pr": 0.7544202662999682
        },
        "30": {
          "f1": 0.8846153846153846,
          "auc_pr": 0.9345090064356154
        },
        "50": {
          "f1": 0.927536231884058,
          "auc_pr": 0.9758112930707281
        }
      }
    },
    {
      "seed": 456,
      "val_rmse": 18.004016876220703,
      "test_rmse": 15.820305824279785,
      "f1_by_k": {
        "10": {
          "f1": 0.6666666666666666,
          "auc_pr": 0.7904614019520851
        },
        "20": {
          "f1": 0.6875,
          "auc_pr": 0.7485346894369072
        },
        "30": {
          "f1": 0.8846153846153846,
          "auc_pr": 0.9229928637893169
        },
        "50": {
          "f1": 0.927536231884058,
          "auc_pr": 0.9736633776247595
        }
      }
    }
  ],
  "test_rmse_mean": 15.379518826802572,
  "test_rmse_std": 0.3253481498440031,
  "v14_old_protocol_ref": 14.98,
  "v2_honest_ref": 15.73,
  "v17_honest_ref": 15.53,
  "fullseq_honest_ref": 15.54,
  "runtime_min": 4.510754036903381
}