{
  "config": "v18_phase0_honest_reprobe",
  "ckpt": "/home/sagemaker-user/IndustrialJEPA/mechanical-jepa/experiments/v11/best_pretrain_L1_v2.pt",
  "v2_arch": {
    "d_model": 256,
    "n_heads": 4,
    "n_layers": 2,
    "d_ff": 512,
    "predictor_hidden": 256
  },
  "seeds": [
    42,
    123,
    456,
    789,
    1024
  ],
  "k_eval_f1": 30,
  "source": "existing_ckpt_v11_best_pretrain_L1_v2",
  "old_protocol": {
    "description": "Adam LR=1e-3, no WD, val use_last_only=True (15 points)",
    "val_rmse": {
      "mean": 19.406786346435545,
      "std": 0.7779995678338748,
      "per_seed": [
        18.518936157226562,
        19.943212509155273,
        18.833906173706055,
        20.64192771911621,
        19.095949172973633
      ]
    },
    "test_rmse": {
      "mean": 18.49441566467285,
      "std": 0.6118666404871952,
      "per_seed": [
        17.936037063598633,
        18.325119018554688,
        18.1867618560791,
        19.683218002319336,
        18.3409423828125
      ]
    },
    "f1": {
      "mean": 0.812344028520499,
      "std": 0.07083128316850217,
      "per_seed": [
        0.8627450980392157,
        0.8627450980392157,
        0.8627450980392157,
        0.6818181818181818,
        0.7916666666666666
      ]
    },
    "auc_pr": {
      "mean": 0.8486844637049102,
      "std": 0.024628441299279245,
      "per_seed": [
        0.8704709640635208,
        0.867328856280992,
        0.8636806522511501,
        0.8059781033481723,
        0.8359637425807169
      ]
    },
    "precision": {
      "mean": 0.8308044358387608,
      "std": 0.022078491036861547,
      "per_seed": [
        0.8461538461538461,
        0.8461538461538461,
        0.8461538461538461,
        0.7894736842105263,
        0.8260869565217391
      ]
    },
    "recall": {
      "mean": 0.8,
      "std": 0.11027239001672179,
      "per_seed": [
        0.88,
        0.88,
        0.88,
        0.6,
        0.76
      ]
    }
  },
  "new_protocol": {
    "description": "AdamW LR=1e-3 WD=1e-2, val n_cuts_per_engine=10",
    "val_rmse": {
      "mean": 15.33877944946289,
      "std": 0.985717371555961,
      "per_seed": [
        15.002333641052246,
        15.3368558883667,
        14.445027351379395,
        14.692473411560059,
        17.217206954956055
      ]
    },
    "test_rmse": {
      "mean": 15.727664375305176,
      "std": 0.1444327060390562,
      "per_seed": [
        15.813344955444336,
        15.574507713317871,
        15.531147003173828,
        15.855157852172852,
        15.864164352416992
      ]
    },
    "f1": {
      "mean": 0.9259259259259259,
      "std": 0.0,
      "per_seed": [
        0.9259259259259259,
        0.9259259259259259,
        0.9259259259259259,
        0.9259259259259259,
        0.9259259259259259
      ]
    },
    "auc_pr": {
      "mean": 0.9365789056633369,
      "std": 0.005753227096091645,
      "per_seed": [
        0.9251761426290042,
        0.9390033908120865,
        0.9382385917423339,
        0.9400628075162321,
        0.9404135956170281
      ]
    },
    "precision": {
      "mean": 0.8620689655172413,
      "std": 0.0,
      "per_seed": [
        0.8620689655172413,
        0.8620689655172413,
        0.8620689655172413,
        0.8620689655172413,
        0.8620689655172413
      ]
    },
    "recall": {
      "mean": 1.0,
      "std": 0.0,
      "per_seed": [
        1.0,
        1.0,
        1.0,
        1.0,
        1.0
      ]
    }
  },
  "v17_test_rmse_reference": 15.38,
  "published_v2_rmse": 17.81,
  "runtime_minutes": 1.1686645825703939,
  "interpretation": "OLD protocol test RMSE: 18.49. NEW protocol test RMSE: 15.73. V17 reported 15.38 with NEW protocol. Delta (v17 - v2_new): -0.35 (negative means v17 architecture actually helps beyond probe fix)."
}