{
  "config": "v18_phase4f_multi_seed_mahal",
  "smap": {
    "123": {
      "f1_non_pa": 0.08322993696957666,
      "f1_pa": 0.6257950310006494,
      "auc_pr": 0.1738338636062815,
      "threshold": 20.3742618560791,
      "score_gap": 2.553598403930664
    },
    "456": {
      "f1_non_pa": 0.14631801953783985,
      "f1_pa": 0.6392442886045692,
      "auc_pr": 0.17830150523390936,
      "threshold": 17.87633514404297,
      "score_gap": 3.133380889892578
    },
    "aggregate": {
      "seeds": [
        42,
        123,
        456
      ],
      "pa_f1_per_seed": [
        0.733,
        0.6257950310006494,
        0.6392442886045692
      ],
      "pa_f1_mean": 0.6660131065350728,
      "pa_f1_std": 0.04768405431997349
    }
  },
  "msl": {
    "42": {
      "f1_non_pa": 0.0,
      "f1_pa": 0.0,
      "auc_pr": 0.08275592731954572,
      "threshold": 31.970693588256836,
      "score_gap": -1.553232192993164
    }
  },
  "runtime_min": 28.99054543177287
}