{
  "config": "v18_phase6b_v14_fullseq_fd001_honest_probe",
  "ckpt": "/home/sagemaker-user/IndustrialJEPA/mechanical-jepa/experiments/v14/best_pretrain_full_sequence.pt",
  "per_seed": [
    {
      "seed": 42,
      "val_rmse": 13.447866439819336,
      "test_rmse": 15.519888877868652,
      "f1_by_k": {
        "10": {
          "f1": 0.5882352941176471,
          "auc_pr": 0.5997202059392108
        },
        "20": {
          "f1": 0.6875,
          "auc_pr": 0.6825270177051392
        },
        "30": {
          "f1": 0.9259259259259259,
          "auc_pr": 0.924664626182289
        },
        "50": {
          "f1": 0.927536231884058,
          "auc_pr": 0.9861053209473857
        }
      }
    },
    {
      "seed": 123,
      "val_rmse": 12.534311294555664,
      "test_rmse": 15.50381851196289,
      "f1_by_k": {
        "10": {
          "f1": 0.5882352941176471,
          "auc_pr": 0.5547621805385781
        },
        "20": {
          "f1": 0.8648648648648649,
          "auc_pr": 0.7319342312498882
        },
        "30": {
          "f1": 0.9056603773584906,
          "auc_pr": 0.9648723732151018
        },
        "50": {
          "f1": 0.927536231884058,
          "auc_pr": 0.9859932084430318
        }
      }
    },
    {
      "seed": 456,
      "val_rmse": 12.985450744628906,
      "test_rmse": 15.59349536895752,
      "f1_by_k": {
        "10": {
          "f1": 0.5882352941176471,
          "auc_pr": 0.5873305057515583
        },
        "20": {
          "f1": 0.6875,
          "auc_pr": 0.7069322170884671
        },
        "30": {
          "f1": 0.8846153846153846,
          "auc_pr": 0.962911296610547
        },
        "50": {
          "f1": 0.9428571428571428,
          "auc_pr": 0.9906685559232135
        }
      }
    }
  ],
  "test_rmse_mean": 15.539067586263021,
  "test_rmse_std": 0.03904144645429987,
  "v14_old_protocol_reference": {
    "frozen": 15.7,
    "e2e": 14.32
  },
  "v17_honest_reference": 15.53,
  "v2_honest_reference": 15.73,
  "runtime_min": 0.3809014002482096
}