{
  "dataset": "FD001",
  "mask_ratio_sweep": {
    "0.0": {
      "h_auroc": 0.46880239156121306,
      "h_auprc": 0.9206631298275936,
      "seed": 42
    },
    "0.2": {
      "h_auroc": 0.4493435061861419,
      "h_auprc": 0.9194327634433389,
      "seed": 42
    },
    "0.4": {
      "h_auroc": 0.46359623558305935,
      "h_auprc": 0.9205095369141215,
      "seed": 42
    },
    "0.6": {
      "h_auroc": 0.4571399088174816,
      "h_auprc": 0.919943935055042,
      "seed": 42
    }
  },
  "best_mask_ratio": 0.0,
  "best_3seed": {
    "mean_h_auroc": 0.494036555660119,
    "std_h_auroc": 0.02648597829409225,
    "seeds": {
      "42": {
        "h_auroc": 0.46880239156121306,
        "h_auprc": 0.9206631298275936
      },
      "123": {
        "h_auroc": 0.48268098055679065,
        "h_auprc": 0.9219008337022943
      },
      "456": {
        "h_auroc": 0.5306262948623535,
        "h_auprc": 0.9256608039463436
      }
    }
  },
  "delta_vs_baseline": -0.2267621588655518,
  "delta_vs_channel_dropout": -0.2382063574138577
}