{
  "dataset": "PSM",
  "mask_ratio_sweep": {
    "0.0": {
      "h_auroc": 0.4673699846929792,
      "h_auprc": 0.38756527909713306,
      "seed": 42
    },
    "0.2": {
      "h_auroc": 0.4752249020263065,
      "h_auprc": 0.3908554023149797,
      "seed": 42
    },
    "0.4": {
      "h_auroc": 0.4776069653954018,
      "h_auprc": 0.3932219517689458,
      "seed": 42
    },
    "0.6": {
      "h_auroc": 0.4871486796299981,
      "h_auprc": 0.3944259023891714,
      "seed": 42
    }
  },
  "best_mask_ratio": 0.6,
  "best_3seed": {
    "mean_h_auroc": 0.47866284611885673,
    "std_h_auroc": 0.009546185821585534,
    "seeds": {
      "42": {
        "h_auroc": 0.4871486796299981,
        "h_auprc": 0.3944259023891714
      },
      "123": {
        "h_auroc": 0.48351319433392526,
        "h_auprc": 0.39608760107594226
      },
      "456": {
        "h_auroc": 0.46532666439264686,
        "h_auprc": 0.38640193891160185
      }
    }
  },
  "delta_vs_baseline": -0.07585120183407218,
  "delta_vs_channel_dropout": -0.08911543811679384
}