{
  "dataset": "SMAP",
  "mask_ratio_sweep": {
    "0.0": {
      "h_auroc": 0.5058557859673507,
      "h_auprc": 0.28755844950969667,
      "seed": 42
    },
    "0.2": {
      "h_auroc": 0.5043740512439607,
      "h_auprc": 0.2855443211813852,
      "seed": 42
    },
    "0.4": {
      "h_auroc": 0.4932077532296044,
      "h_auprc": 0.28923027611189667,
      "seed": 42
    },
    "0.6": {
      "h_auroc": 0.4981136532687106,
      "h_auprc": 0.29205861296363783,
      "seed": 42
    }
  },
  "best_mask_ratio": 0.0,
  "best_3seed": {
    "mean_h_auroc": 0.48918475441198783,
    "std_h_auroc": 0.011890549801814154,
    "seeds": {
      "42": {
        "h_auroc": 0.5058557859673507,
        "h_auprc": 0.28755844950969667
      },
      "123": {
        "h_auroc": 0.48275588281826065,
        "h_auprc": 0.2801589766167122
      },
      "456": {
        "h_auroc": 0.47894259445035225,
        "h_auprc": 0.27833923470116645
      }
    }
  },
  "delta_vs_baseline": -0.043198252349228805,
  "delta_vs_channel_dropout": -0.08754689049019126
}