{
  "config": "v19_phase7_chronos_paderborn",
  "models": [
    {
      "model": "chronos-t5-tiny",
      "n_params": 8394496,
      "d_emb": 256,
      "per_seed": [
        {
          "val_acc": 0.663313627243042,
          "test_acc": 0.6565488565488565,
          "macro_f1": 0.6509209949701683,
          "per_class_f1": [
            0.6670609107037256,
            0.7493737325539783,
            0.5363283416528009
          ],
          "seed": 42
        },
        {
          "val_acc": 0.650653600692749,
          "test_acc": 0.6237524950099801,
          "macro_f1": 0.6213709021112316,
          "per_class_f1": [
            0.6240703177822853,
            0.7108968666751236,
            0.5291455218762858
          ],
          "seed": 123
        },
        {
          "val_acc": 0.6399900317192078,
          "test_acc": 0.6580833333333334,
          "macro_f1": 0.6517639705138983,
          "per_class_f1": [
            0.6725978647686833,
            0.7592880181579261,
            0.5234060286150855
          ],
          "seed": 456
        }
      ],
      "test_acc_mean": 0.64612822829739,
      "test_acc_std": 0.015834429467934785,
      "macro_f1_mean": 0.6413519558650994,
      "macro_f1_std": 0.01413292924999505,
      "elapsed_min": 3.7749449253082275
    }
  ]
}