{
  "config": "v19_phase5_paderborn",
  "classes": [
    "K001",
    "KA01",
    "KI01"
  ],
  "results": [
    {
      "val_acc": 0.7979881763458252,
      "test_acc": 0.7703118503118503,
      "macro_f1": 0.7676577323394923,
      "per_class_f1": [
        0.7804596373715209,
        0.8480980980980981,
        0.674415461548858
      ],
      "confusion_matrix": [
        [
          3379,
          162,
          464
        ],
        [
          191,
          3389,
          436
        ],
        [
          1084,
          425,
          2495
        ]
      ],
      "seed": 42
    },
    {
      "val_acc": 0.7850303649902344,
      "test_acc": 0.7470059880239521,
      "macro_f1": 0.7463630792533422,
      "per_class_f1": [
        0.7877056672760512,
        0.7795874049945711,
        0.6717961654894047
      ],
      "confusion_matrix": [
        [
          3447,
          189,
          367
        ],
        [
          251,
          2872,
          897
        ],
        [
          1051,
          287,
          2663
        ]
      ],
      "seed": 123
    },
    {
      "val_acc": 0.8085443377494812,
      "test_acc": 0.8330833333333333,
      "macro_f1": 0.8288310680449594,
      "per_class_f1": [
        0.8295119182746878,
        0.9174424301812837,
        0.7395388556789069
      ],
      "confusion_matrix": [
        [
          3654,
          88,
          259
        ],
        [
          85,
          3745,
          168
        ],
        [
          1070,
          333,
          2598
        ]
      ],
      "seed": 456
    }
  ],
  "aggregate": {
    "test_acc_mean": 0.7834670572230452,
    "test_acc_std": 0.036351267245538804,
    "macro_f1_mean": 0.7809506265459314,
    "macro_f1_std": 0.034954904959783636
  },
  "runtime_min": 51.87962513367335
}