{
  "config": "v19_phase2_mba",
  "results": [
    {
      "seed": 42,
      "n_epochs": 50,
      "k_auto": 9,
      "k10": {
        "f1_non_pa": 0.06284875183553598,
        "f1_pa": 0.20125443141532587,
        "auc_pr": 0.3023152301218726
      },
      "k20": {
        "f1_non_pa": 0.14297635605006953,
        "f1_pa": 0.3621197252208047,
        "auc_pr": 0.3318526649745702
      },
      "k50": {
        "f1_non_pa": 0.22294197031039137,
        "f1_pa": 0.4748668056520732,
        "auc_pr": 0.3673673821781062
      },
      "k100": {
        "f1_non_pa": 0.19592944369063772,
        "f1_pa": 0.4268812115475627,
        "auc_pr": 0.3561543266995938
      },
      "k9": {
        "f1_non_pa": 0.08591352859135286,
        "f1_pa": 0.2866416978776529,
        "auc_pr": 0.30706895470170215
      }
    },
    {
      "seed": 123,
      "n_epochs": 50,
      "k_auto": 12,
      "k10": {
        "f1_non_pa": 0.1902377972465582,
        "f1_pa": 0.4279191128506197,
        "auc_pr": 0.3076725629649829
      },
      "k20": {
        "f1_non_pa": 0.3335578002244669,
        "f1_pa": 0.6234007046170963,
        "auc_pr": 0.3710971795350056
      },
      "k50": {
        "f1_non_pa": 0.30162297128589266,
        "f1_pa": 0.5814389989572472,
        "auc_pr": 0.4036449517874231
      },
      "k100": {
        "f1_non_pa": 0.2511378848728246,
        "f1_pa": 0.5602821247520388,
        "auc_pr": 0.39339034755093255
      },
      "k12": {
        "f1_non_pa": 0.23046044864226684,
        "f1_pa": 0.48176661264181525,
        "auc_pr": 0.3195835743892179
      }
    },
    {
      "seed": 456,
      "n_epochs": 50,
      "k_auto": 5,
      "k10": {
        "f1_non_pa": 0.1715862068965517,
        "f1_pa": 0.4124550898203593,
        "auc_pr": 0.33966910186027593
      },
      "k20": {
        "f1_non_pa": 0.23709902370990238,
        "f1_pa": 0.6122090469916557,
        "auc_pr": 0.3809103154705079
      },
      "k50": {
        "f1_non_pa": 0.22759526938239158,
        "f1_pa": 0.5970459746203454,
        "auc_pr": 0.35690594467194375
      },
      "k100": {
        "f1_non_pa": 0.22393397524071526,
        "f1_pa": 0.5650144476550345,
        "auc_pr": 0.36611792032268314
      },
      "k5": {
        "f1_non_pa": 0.08541353383458647,
        "f1_pa": 0.2677551020408163,
        "auc_pr": 0.31350298574408475
      }
    }
  ],
  "aggregate": {
    "k10": {
      "pa_mean": 0.3472095446954349,
      "pa_std": 0.10339875989432758,
      "non_pa_mean": 0.1415575853262153
    },
    "k20": {
      "pa_mean": 0.5325764922765189,
      "pa_std": 0.12061770289200442,
      "non_pa_mean": 0.23787772666147963
    },
    "k50": {
      "pa_mean": 0.5511172597432219,
      "pa_std": 0.054292376592955285,
      "non_pa_mean": 0.25072007032622523
    },
    "k100": {
      "pa_mean": 0.5173925946515453,
      "pa_std": 0.06403036557530856,
      "non_pa_mean": 0.2236671012680592
    },
    "k_auto": {
      "pa_mean": 0.34538780418676146,
      "pa_std": 0.09674213291801798,
      "k_values": [
        9,
        12,
        5
      ]
    }
  },
  "runtime_min": 10.905096900463104
}