{
  "config": "v19_phase4_smd",
  "n_machines": 28,
  "results": [
    {
      "seed": 42,
      "k_auto": 43,
      "k10": {
        "f1_non_pa": 0.0522482404664415,
        "f1_pa": 0.19716366557800794,
        "auc_pr": 0.039253426359967224
      },
      "k20": {
        "f1_non_pa": 0.159369527145359,
        "f1_pa": 0.30367970947892264,
        "auc_pr": 0.07358573622261064
      },
      "k50": {
        "f1_non_pa": 0.11996888623577721,
        "f1_pa": 0.20614722089174833,
        "auc_pr": 0.07130095084129398
      },
      "k100": {
        "f1_non_pa": 0.14003474697077692,
        "f1_pa": 0.22731470179274624,
        "auc_pr": 0.0925394965407329
      },
      "k43": {
        "f1_non_pa": 0.10388191678780632,
        "f1_pa": 0.18358081049456978,
        "auc_pr": 0.0652869122866381
      }
    },
    {
      "seed": 123,
      "k_auto": 42,
      "k10": {
        "f1_non_pa": 0.08838809681980002,
        "f1_pa": 0.25798439986029725,
        "auc_pr": 0.048900585854371875
      },
      "k20": {
        "f1_non_pa": 0.060938919164396005,
        "f1_pa": 0.2607466999325348,
        "auc_pr": 0.04621951839764544
      },
      "k50": {
        "f1_non_pa": 0.14321547166046716,
        "f1_pa": 0.27756478053939715,
        "auc_pr": 0.12188908110723967
      },
      "k100": {
        "f1_non_pa": 0.15079594064001406,
        "f1_pa": 0.2614238791359779,
        "auc_pr": 0.11082513630912684
      },
      "k42": {
        "f1_non_pa": 0.13915386777324054,
        "f1_pa": 0.27553029316459965,
        "auc_pr": 0.08552873172785386
      }
    },
    {
      "seed": 456,
      "k_auto": 46,
      "k10": {
        "f1_non_pa": 0.002090727865026499,
        "f1_pa": 0.009976511611012907,
        "auc_pr": 0.03674222961539689
      },
      "k20": {
        "f1_non_pa": 0.05699276875398378,
        "f1_pa": 0.22674890928238303,
        "auc_pr": 0.043081875870803074
      },
      "k50": {
        "f1_non_pa": 0.1153312591754549,
        "f1_pa": 0.24141007917556867,
        "auc_pr": 0.06896650771144988
      },
      "k100": {
        "f1_non_pa": 0.14205954605827661,
        "f1_pa": 0.26662718908664235,
        "auc_pr": 0.0896789328866696
      },
      "k46": {
        "f1_non_pa": 0.11685713077909451,
        "f1_pa": 0.22912304879018366,
        "auc_pr": 0.07095370567738606
      }
    }
  ],
  "aggregate": {
    "k10": {
      "pa_mean": 0.15504152568310606,
      "pa_std": 0.10553888433641143,
      "non_pa_mean": 0.04757568838375601
    },
    "k20": {
      "pa_mean": 0.26372510623128015,
      "pa_std": 0.03147740123517483,
      "non_pa_mean": 0.09243373835457959
    },
    "k50": {
      "pa_mean": 0.24170736020223804,
      "pa_std": 0.029156854408674725,
      "non_pa_mean": 0.1261718723572331
    },
    "k100": {
      "pa_mean": 0.25178859000512216,
      "pa_std": 0.017435538645432895,
      "non_pa_mean": 0.14429674455635588
    },
    "k_auto": {
      "pa_mean": 0.22941138414978435,
      "pa_std": 0.03753877278922179,
      "k_values": [
        43,
        42,
        46
      ]
    }
  },
  "runtime_min": 29.397032006581625
}