{
  "dataset": "physionet2012",
  "results": [
    {
      "dataset": "physionet2012",
      "seed": 42,
      "n_channels": 36,
      "patch_size": 1,
      "pretrain_best_loss": 0.002214211001517941,
      "pretrain_time_s": 56.00043082237244,
      "ft_best_val": 0.7711367275979784,
      "ft_time_s": 82.8072280883789,
      "eval_time_s": 17.269997596740723,
      "auprc": 0.22521804157838868,
      "auroc": 0.8566219832311682,
      "f1_best": 0.31031884008324273,
      "precision_best": 0.21986456803757146,
      "recall_best": 0.5272232568967524,
      "prevalence": 0.06304806304806305,
      "monotonicity_violation_rate": 0.24924493932758396,
      "per_horizon_auprc": {
        "1": 0.02619196643431145,
        "3": 0.2294771461137902,
        "6": 0.21743975209341437,
        "12": 0.22897206367852949,
        "24": 0.2340011876165976,
        "36": 0.22610837263161754,
        "48": 0.22297265499078694
      },
      "per_horizon_auroc": {
        "1": 0.9383540818509755,
        "3": 0.9754615199229894,
        "6": 0.94826513498034,
        "12": 0.9043059290811228,
        "24": 0.804091327710153,
        "36": 0.683579575288217,
        "48": 0.649567913269604
      },
      "surface_path": "/home/sagemaker-user/IndustrialJEPA/fam-jepa/experiments/v24/surfaces/physionet2012_s42.npz",
      "ckpt_path": "/home/sagemaker-user/IndustrialJEPA/fam-jepa/experiments/v24/ckpts/physionet2012_s42_pretrain.pt",
      "ft_ckpt_path": "/home/sagemaker-user/IndustrialJEPA/fam-jepa/experiments/v24/ckpts/physionet2012_s42_pred_ft.pt"
    },
    {
      "dataset": "physionet2012",
      "seed": 123,
      "n_channels": 36,
      "patch_size": 1,
      "pretrain_best_loss": 0.002241631750991844,
      "pretrain_time_s": 60.901508808135986,
      "ft_best_val": 0.7674418711473071,
      "ft_time_s": 95.11520004272461,
      "eval_time_s": 21.180094003677368,
      "auprc": 0.22849369919505513,
      "auroc": 0.857661106932323,
      "f1_best": 0.3198021623168264,
      "precision_best": 0.22237191402763803,
      "recall_best": 0.5691857758118962,
      "prevalence": 0.06304806304806305,
      "monotonicity_violation_rate": 0.19909949248792225,
      "per_horizon_auprc": {
        "1": 0.015733501663883386,
        "3": 0.23435914379223705,
        "6": 0.21371427127184883,
        "12": 0.2360761004142691,
        "24": 0.23641302927715177,
        "36": 0.22916484285503189,
        "48": 0.2271480193562841
      },
      "per_horizon_auroc": {
        "1": 0.8659853490590161,
        "3": 0.9765590158338343,
        "6": 0.9161707382582027,
        "12": 0.9100908585178158,
        "24": 0.808864608118585,
        "36": 0.6886390371609681,
        "48": 0.6591190055578435
      },
      "surface_path": "/home/sagemaker-user/IndustrialJEPA/fam-jepa/experiments/v24/surfaces/physionet2012_s123.npz",
      "ckpt_path": "/home/sagemaker-user/IndustrialJEPA/fam-jepa/experiments/v24/ckpts/physionet2012_s123_pretrain.pt",
      "ft_ckpt_path": "/home/sagemaker-user/IndustrialJEPA/fam-jepa/experiments/v24/ckpts/physionet2012_s123_pred_ft.pt"
    }
  ]
}