{
  "jepa_v2_cwru_pretrained": [
    {
      "seed": 42,
      "cwru_f1": 0.7874498546419368,
      "pad_f1": 0.9020648478019385,
      "gear_f1": 0.22634392194694503
    }
  ],
  "jepa_gear_pretrained": [
    {
      "seed": 42,
      "cwru_f1": 0.5064345313190459,
      "pad_f1": 0.5418389122614474,
      "gear_f1": 0.27714110835977934,
      "gear_gain": 0.07189055315227488,
      "cwru_gain": -0.035888294739169435
    }
  ],
  "jepa_multisource": [
    {
      "seed": 42,
      "cwru_f1": 0.5261871665807005,
      "pad_f1": 0.8006152064560489,
      "gear_f1": 0.31633031860408173
    }
  ],
  "random_init": [
    {
      "seed": 42,
      "cwru_f1": 0.5423228260582154,
      "pad_f1": 0.4827279341201168,
      "gear_f1": 0.20525055520750446
    }
  ]
}