{
  "spec_weight": 0.5,
  "epochs": 100,
  "per_seed": [
    {
      "seed": 42,
      "spec_weight": 0.5,
      "cwru_f1": 0.8368628090414366,
      "pad_f1": 0.7989681450202631,
      "rand_f1": 0.48753625326086397,
      "gain": 0.31143189175939917
    },
    {
      "seed": 123,
      "spec_weight": 0.5,
      "cwru_f1": 1.0,
      "pad_f1": 0.8503590243198383,
      "rand_f1": 0.5295069480295129,
      "gain": 0.3208520762903254
    },
    {
      "seed": 456,
      "spec_weight": 0.5,
      "cwru_f1": 0.8794864255611095,
      "pad_f1": 0.8042984381559714,
      "rand_f1": 0.5002178649237473,
      "gain": 0.30408057323222404
    }
  ],
  "summary": {
    "cwru_mean": 0.9054497448675153,
    "cwru_std": 0.06908451939722089,
    "pad_mean": 0.817875202498691,
    "gain_mean": 0.3121215137606495,
    "gain_std": 0.006864280131493877
  }
}