{
  "spec_weight": 0.1,
  "epochs": 100,
  "per_seed": [
    {
      "seed": 42,
      "spec_weight": 0.1,
      "cwru_f1": 0.7729743184146136,
      "pad_f1": 0.8156320717767893,
      "rand_f1": 0.48753625326086397,
      "gain": 0.32809581851592534
    },
    {
      "seed": 123,
      "spec_weight": 0.1,
      "cwru_f1": 1.0,
      "pad_f1": 0.866930830899851,
      "rand_f1": 0.5295069480295129,
      "gain": 0.3374238828703381
    },
    {
      "seed": 456,
      "spec_weight": 0.1,
      "cwru_f1": 0.8164292366420027,
      "pad_f1": 0.7909815068252799,
      "rand_f1": 0.5002178649237473,
      "gain": 0.2907636419015326
    }
  ],
  "summary": {
    "cwru_mean": 0.8631345183522056,
    "cwru_std": 0.09839106507384825,
    "pad_mean": 0.8245148031673067,
    "gain_mean": 0.31876111442926536,
    "gain_std": 0.02016014297412726
  }
}