{
  "rmse_mean": 0.1641872404387504,
  "rmse_std": 0.0022982823772811235,
  "rmses": [
    0.1661309265747179,
    0.16666082736652596,
    0.16078689820622996,
    0.1621897216513316,
    0.16516782839494676
  ]
}