{
  "rmse_mean": 0.08681956682359392,
  "rmse_std": 0.0022972369379545446,
  "rmses": [
    0.08646041852877058,
    0.08605133512190188,
    0.0891185434693122,
    0.08309563949203747,
    0.0893718975059475
  ],
  "picp_90_mean": 0.9095442820292348,
  "picp_90_seeds": [
    0.9097162510748066,
    0.9105760963026656,
    0.9079965606190885,
    0.9183147033533964,
    0.9011177987962167
  ],
  "mpiw_mean": 0.24135031183517555,
  "mpiw_seeds": [
    0.23960738948689692,
    0.2635323554204388,
    0.2351832353966895,
    0.2567755929599752,
    0.21165298591187723
  ]
}