{
  "dataset": "SMAP",
  "sweep": {
    "0.0": {
      "h_auroc": 0.6301381766859647,
      "h_auprc": 0.39824278949848846,
      "seed": 42
    },
    "0.1": {
      "h_auroc": 0.5652148250380252,
      "h_auprc": 0.3646292009626573,
      "seed": 42
    },
    "0.3": {
      "h_auroc": 0.5242314907657397,
      "h_auprc": 0.31149208003318557,
      "seed": 42
    },
    "0.5": {
      "h_auroc": 0.4047701308989812,
      "h_auprc": 0.2645547393998295,
      "seed": 42
    }
  },
  "best_rate": 0.0,
  "best_3seed": {
    "mean_h_auroc": 0.5767316449021791,
    "std_h_auroc": 0.02934236690029226,
    "seeds": {
      "42": {
        "h_auroc": 0.6169077161190866,
        "h_auprc": 0.3597715691046033
      },
      "123": {
        "h_auroc": 0.5476505998337318,
        "h_auprc": 0.4277304021605782
      },
      "456": {
        "h_auroc": 0.565636618753719,
        "h_auprc": 0.31615707289234884
      }
    }
  },
  "baseline_auroc": 0.5323830067612166,
  "delta_vs_baseline": 0.04434863814096246,
  "go_nogo_criterion": "delta=+0.044 > -0.02",
  "go_nogo": "PASS"
}