{
  "dataset": "PSM",
  "sweep": {
    "0.0": {
      "h_auroc": 0.5786966501584129,
      "h_auprc": 0.4532178456510688,
      "seed": 42
    },
    "0.1": {
      "h_auroc": 0.5607095165068703,
      "h_auprc": 0.45046091032143504,
      "seed": 42
    },
    "0.3": {
      "h_auroc": 0.5584491831914062,
      "h_auprc": 0.4370971106750874,
      "seed": 42
    },
    "0.5": {
      "h_auroc": 0.5834419297974485,
      "h_auprc": 0.4505235983379433,
      "seed": 42
    }
  },
  "best_rate": 0.5,
  "best_3seed": {
    "mean_h_auroc": 0.5677782842356506,
    "std_h_auroc": 0.0030152632182566513,
    "seeds": {
      "42": {
        "h_auroc": 0.5680679273871412,
        "h_auprc": 0.44646172281516056
      },
      "123": {
        "h_auroc": 0.5713178620066988,
        "h_auprc": 0.45408634967358646
      },
      "456": {
        "h_auroc": 0.5639490633131116,
        "h_auprc": 0.4311563995901509
      }
    }
  },
  "baseline_auroc": 0.5545140479529289,
  "delta_vs_baseline": 0.013264236282721664,
  "go_nogo_criterion": "delta=+0.013 > +0.01",
  "go_nogo": "PASS"
}