{
  "dataset": "FD001",
  "sweep": {
    "0.0": {
      "h_auroc": 0.7215927232817595,
      "h_auprc": 0.9452986286334844,
      "seed": 42
    },
    "0.1": {
      "h_auroc": 0.7369448215488986,
      "h_auprc": 0.9432430663222278,
      "seed": 42
    },
    "0.3": {
      "h_auroc": 0.7289145495749761,
      "h_auprc": 0.9383077200850288,
      "seed": 42
    },
    "0.5": {
      "h_auroc": 0.7306627347341844,
      "h_auprc": 0.9366040304235685,
      "seed": 42
    }
  },
  "best_rate": 0.1,
  "best_3seed": {
    "mean_h_auroc": 0.7322429130739767,
    "std_h_auroc": 0.013472562040556463,
    "seeds": {
      "42": {
        "h_auroc": 0.7343660432035944,
        "h_auprc": 0.941166113764424
      },
      "123": {
        "h_auroc": 0.7475790347589656,
        "h_auprc": 0.9400551418479085
      },
      "456": {
        "h_auroc": 0.7147836612593699,
        "h_auprc": 0.9430461390848961
      }
    }
  },
  "baseline_auroc": 0.7207987145256708,
  "delta_vs_baseline": 0.011444198548305917,
  "go_nogo_criterion": "delta=+0.011 > -0.02",
  "go_nogo": "PASS"
}