{
  "names": [
    "cwru",
    "mfpt",
    "ims",
    "mafaulda",
    "ottawa",
    "femto",
    "xjtu_sy",
    "paderborn"
  ],
  "kl": [
    [
      0.0,
      1.4541086066504143,
      1.6075563402964286,
      3.978638127010177,
      2.1696203539384893,
      1.177341596679916,
      1.7616254956883766,
      1.4040483277112479
    ],
    [
      1.4541086066504143,
      0.0,
      0.6117399865825445,
      3.760144949855812,
      1.1914793938533796,
      0.3492926897648698,
      0.7390671685156017,
      0.5726424277578098
    ],
    [
      1.6075563402964286,
      0.6117399865825445,
      0.0,
      3.156255977608505,
      1.1895256249862283,
      0.6267747754745463,
      0.8349449619225574,
      0.7880350526818221
    ],
    [
      3.978638127010177,
      3.760144949855812,
      3.156255977608505,
      0.0,
      1.7339872398384997,
      2.7486062218079566,
      3.3281852441581607,
      3.998168211706185
    ],
    [
      2.1696203539384893,
      1.1914793938533796,
      1.1895256249862283,
      1.7339872398384997,
      0.0,
      1.1091929556269924,
      0.8708571295198491,
      1.5722576319529458
    ],
    [
      1.177341596679916,
      0.3492926897648698,
      0.6267747754745463,
      2.7486062218079566,
      1.1091929556269924,
      0.0,
      0.5680013540527309,
      0.41521377161864054
    ],
    [
      1.7616254956883766,
      0.7390671685156017,
      0.8349449619225574,
      3.3281852441581607,
      0.8708571295198491,
      0.5680013540527309,
      0.0,
      0.9273021911435881
    ],
    [
      1.4040483277112479,
      0.5726424277578098,
      0.7880350526818221,
      3.998168211706185,
      1.5722576319529458,
      0.41521377161864054,
      0.9273021911435881,
      0.0
    ]
  ],
  "wasserstein": [
    [
      0.0,
      0.08283608113750958,
      0.15177611328699323,
      0.5919405509427378,
      0.08555318462401923,
      0.12036586444811834,
      0.1463010269428341,
      0.07486230456582421
    ],
    [
      0.09003190703405917,
      0.0,
      0.17597557499035027,
      0.6084603200764687,
      0.14246122030375025,
      0.18757510929770232,
      0.20564377987044333,
      0.14490815764144283
    ],
    [
      0.11195168268517589,
      0.19659095433826407,
      0.0,
      0.6517504305603214,
      0.041186675420380216,
      0.033735905195338985,
      0.039993273970202595,
      0.0824885505231359
    ],
    [
      0.5978851963125343,
      0.6021141901757476,
      0.653264120902546,
      0.0,
      0.6055425532421359,
      0.6501181187841903,
      0.6537703331415579,
      0.6273871868849382
    ],
    [
      0.07882630781234715,
      0.1661900409925906,
      0.06838726202106016,
      0.6451758677880279,
      0.0,
      0.06998863933378002,
      0.06927314853877745,
      0.03798993016383611
    ],
    [
      0.13856402229920767,
      0.16458207727890106,
      0.04771759617948738,
      0.6396388499597232,
      0.056472102872714355,
      0.0,
      0.07629495464148914,
      0.0759302334461126
    ],
    [
      0.12467336841975327,
      0.18978297558706253,
      0.084041422876071,
      0.6678106989631196,
      0.06027160775447367,
      0.038220787400801794,
      0.0,
      0.1094492665735306
    ],
    [
      0.08012228091728316,
      0.1378117716374908,
      0.07315904890123054,
      0.6242458901961216,
      0.03589437939422532,
      0.07731130018087061,
      0.08504785603526394,
      0.0
    ]
  ],
  "centroid_diff": [
    [
      0.0,
      53.81297601866163,
      127.88010007740195,
      2526.2953396498415,
      1625.8410708378744,
      246.52737932093578,
      712.5424520292881,
      623.2332224400425
    ],
    [
      53.81297601866163,
      0.0,
      74.06712405874032,
      2580.108315668503,
      1679.654046856536,
      300.3403553395974,
      766.3554280479498,
      569.4202464213809
    ],
    [
      127.88010007740195,
      74.06712405874032,
      0.0,
      2654.1754397272434,
      1753.7211709152764,
      374.4074793983377,
      840.4225521066901,
      495.35312236264053
    ],
    [
      2526.2953396498415,
      2580.108315668503,
      2654.1754397272434,
      0.0,
      900.4542688119673,
      2279.7679603289057,
      1813.7528876205536,
      3149.528562089884
    ],
    [
      1625.8410708378744,
      1679.654046856536,
      1753.7211709152764,
      900.4542688119673,
      0.0,
      1379.3136915169387,
      913.2986188085863,
      2249.0742932779167
    ],
    [
      246.52737932093578,
      300.3403553395974,
      374.4074793983377,
      2279.7679603289057,
      1379.3136915169387,
      0.0,
      466.01507270835236,
      869.7606017609783
    ],
    [
      712.5424520292881,
      766.3554280479498,
      840.4225521066901,
      1813.7528876205536,
      913.2986188085863,
      466.01507270835236,
      0.0,
      1335.7756744693306
    ],
    [
      623.2332224400425,
      569.4202464213809,
      495.35312236264053,
      3149.528562089884,
      2249.0742932779167,
      869.7606017609783,
      1335.7756744693306,
      0.0
    ]
  ],
  "kurtosis_diff": [
    [
      0.0,
      7.820252177290243,
      3.968891935520981,
      1.651221080900815,
      1.2707565569246868,
      3.5723310981247183,
      4.4052346861053975,
      2.1690261319992894
    ],
    [
      7.820252177290243,
      0.0,
      11.789144112811224,
      9.471473258191057,
      9.09100873421493,
      11.392583275414962,
      12.22548686339564,
      9.989278309289531
    ],
    [
      3.968891935520981,
      11.789144112811224,
      0.0,
      2.3176708546201663,
      2.6981353785962945,
      0.3965608373962627,
      0.43634275058441624,
      1.7998658035216917
    ],
    [
      1.651221080900815,
      9.471473258191057,
      2.3176708546201663,
      0.0,
      0.3804645239761282,
      1.9211100172239033,
      2.7540136052045825,
      0.5178050510984744
    ],
    [
      1.2707565569246868,
      9.09100873421493,
      2.6981353785962945,
      0.3804645239761282,
      0.0,
      2.3015745412000315,
      3.1344781291807107,
      0.8982695750746026
    ],
    [
      3.5723310981247183,
      11.392583275414962,
      0.3965608373962627,
      1.9211100172239033,
      2.3015745412000315,
      0.0,
      0.832903587980679,
      1.4033049661254289
    ],
    [
      4.4052346861053975,
      12.22548686339564,
      0.43634275058441624,
      2.7540136052045825,
      3.1344781291807107,
      0.832903587980679,
      0.0,
      2.236208554106108
    ],
    [
      2.1690261319992894,
      9.989278309289531,
      1.7998658035216917,
      0.5178050510984744,
      0.8982695750746026,
      1.4033049661254289,
      2.236208554106108,
      0.0
    ]
  ],