{
  "v15_ema": {
    "config": "v15_ema",
    "pc1_history": [
      [
        1,
        0.9305536150932312
      ],
      [
        5,
        0.7996998429298401
      ],
      [
        10,
        0.5801190137863159
      ],
      [
        15,
        0.44085848331451416
      ],
      [
        20,
        0.5025230050086975
      ],
      [
        25,
        0.4788414239883423
      ],
      [
        30,
        0.4676225483417511
      ],
      [
        35,
        0.39399993419647217
      ],
      [
        40,
        0.3965987265110016
      ],
      [
        45,
        0.40786170959472656
      ],
      [
        50,
        0.41729193925857544
      ]
    ],
    "final_pc1": 0.41729193925857544,
    "final_loss": 0.0092592890947765,
    "runtime_min": 4.926778860886892
  },
  "v15_sigreg": {
    "config": "v15_sigreg",
    "pc1_history": [
      [
        1,
        0.44951656460762024
      ],
      [
        5,
        0.3352234661579132
      ],
      [
        10,
        0.25121790170669556
      ],
      [
        15,
        0.2593056559562683
      ],
      [
        20,
        0.27157726883888245
      ],
      [
        25,
        0.22265145182609558
      ],
      [
        30,
        0.3519154489040375
      ],
      [
        35,
        0.2156243920326233
      ],
      [
        40,
        0.24493539333343506
      ],
      [
        45,
        0.2297564595937729
      ],
      [
        50,
        0.2260942906141281
      ]
    ],
    "final_pc1": 0.2260942906141281,
    "final_loss": 0.03174847269467279,
    "runtime_min": 4.005044500033061
  }
}