{
  "cwru_to_pad_handcrafted": [
    {
      "seed": 42,
      "f1": 0.16666666666666666
    },
    {
      "seed": 123,
      "f1": 0.16666666666666666
    },
    {
      "seed": 456,
      "f1": 0.16666666666666666
    }
  ]
}