{
  "cwru": {
    "centroid_mean": 2699.4238742681287,
    "centroid_std": 694.6575121558442,
    "kurtosis_mean": 4.566147055396645,
    "kurtosis_std": 6.182949493266593,
    "rms_mean": 0.999999979933103,
    "crest_factor_mean": 4.799359012461863,
    "n_windows": 300,
    "band_0_500": 0.06321889007318414,
    "band_500_2k": 0.14392837139229736,
    "band_2k_5k": 0.7869445326477498,
    "band_5k_plus": 0.005906300896542733,
    "kl_to_femto": 1.4694835461841462,
    "verdict": "COMPATIBLE"
  },
  "mfpt": {
    "centroid_mean": 2753.2368502867903,
    "centroid_std": 439.94585343510767,
    "kurtosis_mean": 12.386399232686887,
    "kurtosis_std": 16.985589978563688,
    "rms_mean": 0.9999999831120173,
    "crest_factor_mean": 6.493405399771292,
    "n_windows": 300,
    "band_0_500": 0.03579173159162651,
    "band_500_2k": 0.375844660850867,
    "band_2k_5k": 0.48094712360056235,
    "band_5k_plus": 0.10704754719424299,
    "kl_to_femto": 0.5441799291402358,
    "verdict": "MARGINAL"
  },
  "ims": {
    "centroid_mean": 2827.3039743455306,
    "centroid_std": 426.1802008791192,
    "kurtosis_mean": 0.5972551198756635,
    "kurtosis_std": 2.1797075383182802,
    "rms_mean": 0.999999984105428,
    "crest_factor_mean": 3.983892786047993,
    "n_windows": 300,
    "band_0_500": 0.0921129452378378,
    "band_500_2k": 0.31281851587875764,
    "band_2k_5k": 0.4644503861456615,
    "band_5k_plus": 0.13022291745294817,
    "kl_to_femto": 0.7308598686985519,
    "verdict": "COMPATIBLE"
  },
  "mafaulda": {
    "centroid_mean": 173.12853461828698,
    "centroid_std": 50.15088028505553,
    "kurtosis_mean": 2.9149259744958296,
    "kurtosis_std": 1.7162572358968422,
    "rms_mean": 0.9999999815225601,
    "crest_factor_mean": 2.828910048515322,
    "n_windows": 300,
    "band_0_500": 0.9387710209655737,
    "band_500_2k": 0.05027227335817407,
    "band_2k_5k": 0.009718466781835274,
    "band_5k_plus": 0.0012316587087090514,
    "kl_to_femto": 3.0383957329830587,
    "verdict": "MARGINAL"
  },
  "ottawa": {
    "centroid_mean": 1073.5828034302542,
    "centroid_std": 649.2384677765276,
    "kurtosis_mean": 3.2953904984719578,
    "kurtosis_std": 6.674469939862328,
    "rms_mean": 0.9999999874830245,
    "crest_factor_mean": 4.564227533359518,
    "n_windows": 300,
    "band_0_500": 0.3106562757125798,
    "band_500_2k": 0.5597664305469133,
    "band_2k_5k": 0.10770998375280219,
    "band_5k_plus": 0.021776608440658873,
    "kl_to_femto": 0.9900250425734207,
    "verdict": "COMPATIBLE"
  },
  "femto": {
    "centroid_mean": 2452.896494947193,
    "centroid_std": 564.2924048736791,
    "kurtosis_mean": 0.9938159572719262,
    "kurtosis_std": 2.0199886273993797,
    "rms_mean": 0.9999999835093816,
    "crest_factor_mean": 4.221387558224972,
    "n_windows": 300,
    "band_0_500": 0.10451398959158208,
    "band_500_2k": 0.40752122914856803,
    "band_2k_5k": 0.38234579601704366,
    "band_5k_plus": 0.10533123788265018,
    "kl_to_femto": 0.28400067702636544,
    "verdict": "COMPATIBLE"
  },
  "xjtu_sy": {
    "centroid_mean": 1986.8814222388405,
    "centroid_std": 785.2667164008511,
    "kurtosis_mean": 0.16091236929124725,
    "kurtosis_std": 0.464197228914478,
    "rms_mean": 0.9999999785423279,
    "crest_factor_mean": 3.4851076547401774,
    "n_windows": 300,
    "band_0_500": 0.10372805720077986,
    "band_500_2k": 0.5608965921368859,
    "band_2k_5k": 0.238125882055879,
    "band_5k_plus": 0.09694416884331342,
    "kl_to_femto": 0.28400067702636544,
    "verdict": "COMPATIBLE"
  },
  "paderborn": {
    "centroid_mean": 3322.657096708171,
    "centroid_std": 642.192475665075,
    "kurtosis_mean": 2.397120923397355,
    "kurtosis_std": 3.4246782738641377,
    "rms_mean": 0.9999999821186065,
    "crest_factor_mean": 4.722226573498806,
    "n_windows": 300,
    "band_0_500": 0.04772972573583316,
    "band_500_2k": 0.23810433212282409,
    "band_2k_5k": 0.4610109828948123,
    "band_5k_plus": 0.2525271084585919,
    "kl_to_femto": 0.6712579813811144,
    "verdict": "COMPATIBLE"
  }
}