{
  "train_loss": [
    0.1751041493041026,
    0.10950027067848689,
    0.10192658779044599,
    0.09632488754964291,
    0.09205603651604798,
    0.0879360197120098,
    0.08415648992698005,
    0.0808022769501506,
    0.07832276076078415,
    0.07720396208157966
  ],
  "train_jepa": [
    0.17111437978410043,
    0.10754044486543236,
    0.10010283905606082,
    0.09455249272286892,
    0.0903154223034866,
    0.08622490768381862,
    0.08246605865266907,
    0.0791234179973342,
    0.07664620236993877,
    0.07551686455166236
  ],
  "train_recon": [
    0.039897695285426735,
    0.019598257955668014,
    0.01823748826704041,
    0.017723949382073494,
    0.01740614248960234,
    0.017111119483780586,
    0.016904313572759712,
    0.01678858946004321,
    0.01676558430599431,
    0.016870975636726643
  ],
  "val_loss": [
    0.07229392197543541,
    0.06136240015647053,
    0.05441263321358546,
    0.04971219226717949,
    0.045620350875949435,
    0.04248011570456808,
    0.039696567617686446,
    0.037912902776646405,
    0.03683530977737587,
    0.03677275658181283
  ],
  "val_jepa": [
    0.07138478828478703,
    0.06065896394110359,
    0.053757147385483296,
    0.04906947640454875,
    0.044984452558302246,
    0.041881635323562455,
    0.03910309781806659,
    0.03733988871089125,
    0.036253011892590906,
    0.03618652680147011
  ],
  "val_recon": [
    0.009091338216928781,
    0.007034363431147242,
    0.006554856937609415,
    0.00642715951642104,
    0.00635898385641981,
    0.005984805124622267,
    0.005934697060755133,
    0.005730142178162273,
    0.005822978464606325,
    0.005862296249849343
  ]
}