{
  "FD001": {
    "fam_v26_revin": {
      "auprc": 0.9294053618087217,
      "auroc": 0.8487153567154276,
      "K": 150
    },
    "fam_v27_none": {
      "auprc": 0.9762672639940704,
      "auroc": 0.9242436893010713,
      "K": 150
    },
    "chronos2": {
      "auprc": 0.9512963221997742,
      "auroc": 0.8754789358087163,
      "K": 150
    }
  },
  "FD002": {
    "fam_v26_revin": {
      "auprc": 0.8805921585216264,
      "auroc": 0.8063945490295831,
      "K": 150
    },
    "fam_v27_none": {
      "auprc": 0.8758153208072357,
      "auroc": 0.7998895594809805,
      "K": 150
    },
    "chronos2": {
      "auprc": 0.9300073733338665,
      "auroc": 0.8518965605262122,
      "K": 150
    }
  },
  "FD003": {
    "fam_v26_revin": {
      "auprc": 0.6716952965636311,
      "auroc": 0.6976480148237378,
      "K": 150
    },
    "fam_v27_none": {
      "auprc": 0.8793102303369603,
      "auroc": 0.874449121940864,
      "K": 150
    },
    "chronos2": {
      "auprc": 0.7967187288508945,
      "auroc": 0.7818530661728752,
      "K": 150
    }
  },
  "SMAP": {
    "fam_v26_revin": {
      "auprc": 0.36919595148965434,
      "auroc": 0.5557093522453527,
      "K": 200
    },
    "chronos2": {
      "auprc": 0.28878801826674116,
      "auroc": 0.5078108982483809,
      "K": 200
    }
  },
  "MSL": {
    "fam_v26_revin": {
      "auprc": 0.1954474341361826,
      "auroc": 0.45570507371106983,
      "K": 200
    },
    "chronos2": {
      "auprc": 0.2176211376959759,
      "auroc": 0.519786265869655,
      "K": 200
    }
  },
  "PSM": {
    "fam_v26_revin": {
      "auprc": 0.45551800304260204,
      "auroc": 0.5618015137890742,
      "K": 200
    },
    "chronos2": {
      "auprc": 0.43615465681770355,
      "auroc": 0.5333546972185971,
      "K": 200
    }
  },
  "MBA": {
    "fam_v26_revin": {
      "auprc": 0.9529540757395638,
      "auroc": 0.849142696961864,
      "K": 200
    },
    "chronos2": {
      "auprc": 0.9636847635517576,
      "auroc": 0.846028749280517,
      "K": 200
    }
  },
  "GECCO": {
    "chronos2": {
      "auprc": 0.03331195588415649,
      "auroc": 0.7924781432585061,
      "K": 200
    }
  },
  "BATADAL": {
    "chronos2": {
      "auprc": 0.3014755643176823,
      "auroc": 0.5709614099653255,
      "K": 200
    }
  }
}