{
  "FD001": {
    "s123": {
      "mean_h_auroc": 0.6764904822845095,
      "pooled_auprc": 0.9694196610816138
    },
    "s456": {
      "mean_h_auroc": 0.6887399368369993,
      "pooled_auprc": 0.9680281468685465
    }
  },
  "FD002": {
    "s123": {
      "mean_h_auroc": 0.5203081169941869,
      "pooled_auprc": 0.8796908813349101
    },
    "s456": {
      "mean_h_auroc": 0.5192804291889178,
      "pooled_auprc": 0.8804398035750542
    }
  },
  "FD003": {
    "s123": {
      "mean_h_auroc": 0.8390824626654338,
      "pooled_auprc": 0.9187512590892029
    },
    "s456": {
      "mean_h_auroc": 0.8241782658167454,
      "pooled_auprc": 0.9036730667964863
    }
  },
  "SMAP": {
    "s123": {
      "mean_h_auroc": 0.649577840577126,
      "pooled_auprc": 0.3880243382506072
    },
    "s456": {
      "mean_h_auroc": 0.5398430837844969,
      "pooled_auprc": 0.35670528423814285
    }
  },
  "MSL": {
    "s123": {
      "mean_h_auroc": 0.3705812334393307,
      "pooled_auprc": 0.17200091300744472
    },
    "s456": {
      "mean_h_auroc": 0.3976869546403992,
      "pooled_auprc": 0.18717007865596352
    }
  },
  "PSM": {
    "s123": {
      "mean_h_auroc": 0.5376186448865934,
      "pooled_auprc": 0.44831644789423536
    },
    "s456": {
      "mean_h_auroc": 0.5708252942811698,
      "pooled_auprc": 0.43799356183782384
    }
  },
  "MBA": {
    "s123": {
      "mean_h_auroc": 0.5811694113224087,
      "pooled_auprc": 0.9529012699662733
    },
    "s456": {
      "mean_h_auroc": 0.5793735665380895,
      "pooled_auprc": 0.9545946581614098
    }
  }
}