{
  "config": "v20_phase1_benchmark",
  "rows": [
    {
      "dataset": "C-MAPSS FD001",
      "domain": "Turbofan RUL",
      "event": "Failure",
      "fam_params": 2373632,
      "pred_ft_100_f1w": 0.3912908883631811,
      "pred_ft_100_f1w_std": 0.08487945433196957,
      "pred_ft_100_auroc": 0.9890638717614302,
      "pred_ft_100_rmse": 16.903041458129884,
      "pred_ft_100_rmse_std": 1.711210737850069,
      "pred_ft_100_n_seeds": 5,
      "pred_ft_5_f1w": 0.26048574635983746,
      "pred_ft_5_f1w_std": 0.16520112214768812,
      "pred_ft_5_auroc": 0.9826571572533493,
      "pred_ft_5_rmse": 24.333509063720705,
      "pred_ft_5_rmse_std": 6.834580921185527,
      "pred_ft_5_n_seeds": 5,
      "e2e_100_f1w": 0.40803719180940207,
      "e2e_100_f1w_std": 0.11949665637790655,
      "e2e_100_auroc": 0.987863627523214,
      "e2e_100_rmse": 14.955789756774902,
      "e2e_100_rmse_std": 1.1574958452308879,
      "e2e_100_n_seeds": 5,
      "e2e_5_f1w": 0.1766681413934998,
      "e2e_5_f1w_std": 0.24195947815855537,
      "e2e_5_auroc": 0.9850369647818326,
      "e2e_5_rmse": 20.084941101074218,
      "e2e_5_rmse_std": 1.8851960015968747,
      "e2e_5_n_seeds": 5,
      "probe_h_100_f1w": 0.29895361549243293,
      "probe_h_100_f1w_std": 0.06102749717763865,
      "probe_h_100_auroc": 0.9865936383962529,
      "probe_h_100_rmse": 15.996795654296875,
      "probe_h_100_rmse_std": 1.4814907656320802,
      "probe_h_100_n_seeds": 5,
      "sota_method": "STAR (Fan 2024)",
      "sota_rmse": 10.61,
      "sota_rmse_note": "1 seed (paper)",
      "sota_params": null
    },
    {
      "dataset": "PSM",
      "domain": "Server metrics",
      "event": "Anomaly",
      "fam_params": 2373632,
      "fam_mahal_pa_f1_k100": 0.8131284648308306,
      "fam_mahal_pa_f1_k100_std": 0.04827870475926047,
      "fam_mahal_pa_f1_auto": 0.7296772924455203,
      "fam_mahal_pa_f1_auto_std": 0.0665921804152084,
      "fam_mahal_nonpa_k100": 0.27000631018129934,
      "sota_method": "MTS-JEPA (He 2026)",
      "sota_pa_f1": 0.616,
      "sota_pa_f1_note": "1 seed (paper)",
      "sota_params": null
    },
    {
      "dataset": "SMAP",
      "domain": "Spacecraft telemetry",
      "event": "Anomaly",
      "fam_params": 2373632,
      "fam_mahal_pa_f1_k100": 0.793,
      "fam_mahal_pa_f1_k100_std": 0.014,
      "fam_mahal_nonpa_k100": 0.038,
      "fam_mahal_source": "v18 phase 4 (3 seeds)",
      "sota_method": "MTS-JEPA (He 2026)",
      "sota_pa_f1": 0.336,
      "sota_pa_f1_note": "1 seed (paper)"
    },
    {
      "dataset": "MSL",
      "domain": "Spacecraft telemetry",
      "event": "Anomaly",
      "fam_params": 2373632,
      "fam_mahal_pa_f1_k100": 0.707,
      "fam_mahal_pa_f1_k100_std": 0.05,
      "fam_mahal_source": "v18 phase 4 (3 seeds)",
      "sota_method": "MTS-JEPA (He 2026)",
      "sota_pa_f1": 0.336,
      "sota_pa_f1_note": "1 seed (paper)"
    },
    {
      "dataset": "SMD",
      "domain": "Server machine",
      "event": "Anomaly",
      "fam_params": 2373632,
      "fam_mahal_pa_f1_k100": 0.25178859000512216,
      "fam_mahal_pa_f1_k100_std": 0.017435538645432895,
      "fam_mahal_nonpa_k100": 0.14429674455635588,
      "sota_method": "Anomaly Transformer (Xu 2022)",
      "sota_pa_f1": 0.925,
      "sota_pa_f1_note": "1 seed (paper, PA inflates)"
    },
    {
      "dataset": "MBA ECG",
      "domain": "Cardiac",
      "event": "Arrhythmia",
      "fam_params": 2373632,
      "fam_mahal_pa_f1_k50": 0.5511172597432219,
      "fam_mahal_pa_f1_k50_std": 0.054292376592955285,
      "fam_mahal_nonpa_k50": 0.25072007032622523,
      "sota_method": "Schmidt & Simic (2020)",
      "sota_pa_f1": null,
      "sota_note": "Few SSL papers target MBA explicitly"
    },
    {
      "dataset": "Paderborn bearing",
      "domain": "Bearing fault",
      "event": "Bearing class (K001/KA01/KI01)",
      "fam_params": 2373632,
      "fam_macro_f1": 0.7809506265459314,
      "fam_macro_f1_std": 0.034954904959783636,
      "fam_test_acc": 0.7834670572230452,
      "sota_method": "STAR (Fan 2024)",
      "sota_macro_f1": null
    }
  ]
}