{
  "config": "v17_phase2_trajectory_probe",
  "K_set": [
    5,
    10,
    20,
    50,
    100
  ],
  "k_eval_f1": 30,
  "seeds": [
    42,
    123,
    456
  ],
  "variants": {
    "h": {
      "n_seeds": 3,
      "val_rmse_per_seed": [
        15.226755142211914,
        11.408782005310059,
        14.342595100402832
      ],
      "test_rmse_per_seed": [
        17.46526336669922,
        15.762101173400879,
        13.364954948425293
      ],
      "test_rmse_mean": 15.530773162841797,
      "test_rmse_std": 1.681916915822325,
      "val_rmse_mean": 13.659377415974935,
      "val_rmse_std": 1.6318332271328693,
      "f1_mean": 0.9191707430701141,
      "auc_pr_mean": 0.9737018250750985
    },
    "traj": {
      "n_seeds": 3,
      "val_rmse_per_seed": [
        31.964378356933594,
        14.299568176269531,
        14.038066864013672
      ],
      "test_rmse_per_seed": [
        34.95698165893555,
        17.649076461791992,
        13.161876678466797
      ],
      "test_rmse_mean": 21.922644933064777,
      "test_rmse_std": 9.39695663096679,
      "val_rmse_mean": 20.100671132405598,
      "val_rmse_std": 8.389587100132568,
      "f1_mean": 0.8601125635439361,
      "auc_pr_mean": 0.9316668014072041
    },
    "g5": {
      "n_seeds": 3,
      "val_rmse_per_seed": [
        20.37693214416504,
        14.96094799041748,
        18.6656494140625
      ],
      "test_rmse_per_seed": [
        20.402393341064453,
        18.42866325378418,
        17.038169860839844
      ],
      "test_rmse_mean": 18.623075485229492,
      "test_rmse_std": 1.3803011731805261,
      "val_rmse_mean": 18.001176516215008,
      "val_rmse_std": 2.260437164560807,
      "f1_mean": 0.8545623377556151,
      "auc_pr_mean": 0.9358249658098355
    },
    "g10": {
      "n_seeds": 3,
      "val_rmse_per_seed": [
        20.41266632080078,
        14.620672225952148,
        18.205110549926758
      ],
      "test_rmse_per_seed": [
        20.44424819946289,
        17.801589965820312,
        16.934490203857422
      ],
      "test_rmse_mean": 18.393442789713543,
      "test_rmse_std": 1.492719580897435,
      "val_rmse_mean": 17.74614969889323,
      "val_rmse_std": 2.3867387366832347,
      "f1_mean": 0.8469806384092098,
      "auc_pr_mean": 0.9313745393657467
    },
    "g20": {
      "n_seeds": 3,
      "val_rmse_per_seed": [
        20.112205505371094,
        14.6055908203125,
        16.958547592163086
      ],
      "test_rmse_per_seed": [
        20.716867446899414,
        17.49709129333496,
        15.877327919006348
      ],
      "test_rmse_mean": 18.030428886413574,
      "test_rmse_std": 2.0114045592823984,
      "val_rmse_mean": 17.22544797261556,
      "val_rmse_std": 2.255974022049012,
      "f1_mean": 0.8758824284430754,
      "auc_pr_mean": 0.9325406011470191
    },
    "g50": {
      "n_seeds": 3,
      "val_rmse_per_seed": [
        19.376874923706055,
        14.364999771118164,
        14.756793975830078
      ],
      "test_rmse_per_seed": [
        20.6431827545166,
        17.559345245361328,
        14.818804740905762
      ],
      "test_rmse_mean": 17.67377758026123,
      "test_rmse_std": 2.3791687457052895,
      "val_rmse_mean": 16.166222890218098,
      "val_rmse_std": 2.2759013650005016,
      "f1_mean": 0.8688674308620401,
      "auc_pr_mean": 0.9362189789865251
    },
    "g100": {
      "n_seeds": 3,
      "val_rmse_per_seed": [
        18.91227912902832,
        14.3917818069458,
        13.865602493286133
      ],
      "test_rmse_per_seed": [
        20.374902725219727,
        17.921405792236328,
        15.500539779663086
      ],
      "test_rmse_mean": 17.93228276570638,
      "test_rmse_std": 1.9899652028227033,
      "val_rmse_mean": 15.723221143086752,
      "val_rmse_std": 2.26521291064131,
      "f1_mean": 0.8688674308620401,
      "auc_pr_mean": 0.9373959085559309
    }
  },
  "v2_baseline_rmse": 17.81,
  "runtime_minutes": 7.088372103373209
}