{
  "config": "v17_baseline",
  "w": 10,
  "K_max": 150,
  "k_eval_f1": 30,
  "d_model": 256,
  "n_layers": 2,
  "n_epochs": 200,
  "batch_size": 64,
  "lr": 0.0003,
  "ema_momentum": 0.99,
  "seeds_done": [
    42
  ],
  "per_seed": [
    {
      "seed": 42,
      "best_val_rmse": 11.366677284240723,
      "final": {
        "val_rmse": 11.366677284240723,
        "test_rmse": 21.441810607910156,
        "val_f1": 0.0,
        "test_f1": 0.7659574468085106,
        "val_auc_pr": 1.0,
        "test_auc_pr": 0.9059678251859493,
        "val_precision": 0.0,
        "val_recall": 0.0,
        "test_precision": 0.8181818181818182,
        "test_recall": 0.72,
        "k_eval": 30
      },
      "elapsed_min": 5.163419024149577
    }
  ],
  "v2_baseline_rmse": 17.81
}