{
  "dataset": "SMAP",
  "label_fraction": 1.0,
  "results": [
    {
      "tag": "SMAP_revin_discrete_hazard_td20_p3_s42",
      "dataset": "SMAP",
      "norm_mode": "revin",
      "seed": 42,
      "predictor_kind": "mlp",
      "event_head_kind": "discrete_hazard",
      "eval_horizons": [
        1,
        2,
        3,
        4,
        5,
        6,
        7,
        8,
        9,
        10,
        11,
        12,
        13,
        14,
        15,
        16,
        17,
        18,
        19,
        20,
        21,
        22,
        23,
        24,
        25,
        26,
        27,
        28,
        29,
        30,
        31,
        32,
        33,
        34,
        35,
        36,
        37,
        38,
        39,
        40,
        41,
        42,
        43,
        44,
        45,
        46,
        47,
        48,
        49,
        50,
        51,
        52,
        53,
        54,
        55,
        56,
        57,
        58,
        59,
        60,
        61,
        62,
        63,
        64,
        65,
        66,
        67,
        68,
        69,
        70,
        71,
        72,
        73,
        74,
        75,
        76,
        77,
        78,
        79,
        80,
        81,
        82,
        83,
        84,
        85,
        86,
        87,
        88,
        89,
        90,
        91,
        92,
        93,
        94,
        95,
        96,
        97,
        98,
        99,
        100,
        101,
        102,
        103,
        104,
        105,
        106,
        107,
        108,
        109,
        110,
        111,
        112,
        113,
        114,
        115,
        116,
        117,
        118,
        119,
        120,
        121,
        122,
        123,
        124,
        125,
        126,
        127,
        128,
        129,
        130,
        131,
        132,
        133,
        134,
        135,
        136,
        137,
        138,
        139,
        140,
        141,
        142,
        143,
        144,
        145,
        146,
        147,
        148,
        149,
        150
      ],
      "train_horizons_dense": 20,
      "label_fraction": 1.0,
      "n_params": 2251265,
      "pretrain_best_loss": 0.02074310462921858,
      "pretrain_time_s": 14.358218669891357,
      "pretrain_ckpt": null,
      "ft_best_val": 5.232110782275124,
      "ft_time_s": 62.52068758010864,
      "eval_time_s": 29.620366096496582,
      "pooled_auprc": 0.3726529304920233,
      "pooled_auroc": 0.5549267136856825,
      "mean_h_auroc": 0.5677455758221917,
      "mean_h_auroc_base": 0.4998634398897296,
      "pooled_auprc_base": 0.28369178526632904,
      "surface_path": "/home/sagemaker-user/IndustrialJEPA/fam-jepa/experiments/v30/surfaces/SMAP_revin_discrete_hazard_td20_p3_s42.npz",
      "png_path": "/home/sagemaker-user/IndustrialJEPA/fam-jepa/experiments/v30/results/surface_pngs/SMAP_revin_discrete_hazard_td20_p3_s42.png",
      "ft_ckpt": "/home/sagemaker-user/IndustrialJEPA/fam-jepa/experiments/v30/ckpts/SMAP_revin_discrete_hazard_td20_p3_s42_pred_ft.pt"
    },
    {
      "tag": "SMAP_revin_discrete_hazard_td20_p3_s123",
      "dataset": "SMAP",
      "norm_mode": "revin",
      "seed": 123,
      "predictor_kind": "mlp",
      "event_head_kind": "discrete_hazard",
      "eval_horizons": [
        1,
        2,
        3,
        4,
        5,
        6,
        7,
        8,
        9,
        10,
        11,
        12,
        13,
        14,
        15,
        16,
        17,
        18,
        19,
        20,
        21,
        22,
        23,
        24,
        25,
        26,
        27,
        28,
        29,
        30,
        31,
        32,
        33,
        34,
        35,
        36,
        37,
        38,
        39,
        40,
        41,
        42,
        43,
        44,
        45,
        46,
        47,
        48,
        49,
        50,
        51,
        52,
        53,
        54,
        55,
        56,
        57,
        58,
        59,
        60,
        61,
        62,
        63,
        64,
        65,
        66,
        67,
        68,
        69,
        70,
        71,
        72,
        73,
        74,
        75,
        76,
        77,
        78,
        79,
        80,
        81,
        82,
        83,
        84,
        85,
        86,
        87,
        88,
        89,
        90,
        91,
        92,
        93,
        94,
        95,
        96,
        97,
        98,
        99,
        100,
        101,
        102,
        103,
        104,
        105,
        106,
        107,
        108,
        109,
        110,
        111,
        112,
        113,
        114,
        115,
        116,
        117,
        118,
        119,
        120,
        121,
        122,
        123,
        124,
        125,
        126,
        127,
        128,
        129,
        130,
        131,
        132,
        133,
        134,
        135,
        136,
        137,
        138,
        139,
        140,
        141,
        142,
        143,
        144,
        145,
        146,
        147,
        148,
        149,
        150
      ],
      "train_horizons_dense": 20,
      "label_fraction": 1.0,
      "n_params": 2251265,
      "pretrain_best_loss": 0.023222371470183134,
      "pretrain_time_s": 9.163562774658203,
      "pretrain_ckpt": null,
      "ft_best_val": 5.7019025844240945,
      "ft_time_s": 52.57252383232117,
      "eval_time_s": 29.439469814300537,
      "pooled_auprc": 0.4180250812874134,
      "pooled_auroc": 0.613924020269417,
      "mean_h_auroc": 0.6371284546146234,
      "mean_h_auroc_base": 0.4998634398897296,
      "pooled_auprc_base": 0.28369178526632904,
      "surface_path": "/home/sagemaker-user/IndustrialJEPA/fam-jepa/experiments/v30/surfaces/SMAP_revin_discrete_hazard_td20_p3_s123.npz",
      "png_path": "/home/sagemaker-user/IndustrialJEPA/fam-jepa/experiments/v30/results/surface_pngs/SMAP_revin_discrete_hazard_td20_p3_s123.png",
      "ft_ckpt": "/home/sagemaker-user/IndustrialJEPA/fam-jepa/experiments/v30/ckpts/SMAP_revin_discrete_hazard_td20_p3_s123_pred_ft.pt"
    },
    {
      "tag": "SMAP_revin_discrete_hazard_td20_p3_s456",
      "dataset": "SMAP",
      "norm_mode": "revin",
      "seed": 456,
      "predictor_kind": "mlp",
      "event_head_kind": "discrete_hazard",