{
  "dataset": "MSL",
  "seed": 42,
  "n_params": 1474100,
  "pretrain": {
    "best_epoch": 49,
    "val_loss": 0.017595037817955017,
    "wall_time_seconds": 47.94115376472473,
    "codebook_utilization": 0.078125,
    "codebook_perplexity": 5.16717404127121
  },
  "downstream": {
    "f1": 10.256410256410255,
    "auc": 50.876068376068375,
    "precision": 9.523809523809524,
    "recall": 11.11111111111111,
    "threshold": 0.5700000000000001,
    "n_test": 148,
    "n_anomalous": 18,
    "anomaly_rate": 0.12162162162162163,
    "val_f1": 40.0
  },
  "ablation": "no_codebook"
}