{
  "dataset": "MSL",
  "seed": 42,
  "n_params": 1474100,
  "pretrain": {
    "best_epoch": 48,
    "val_loss": 0.04410858079791069,
    "wall_time_seconds": 47.82810163497925,
    "codebook_utilization": 0.0947265625,
    "codebook_perplexity": 3.234937995672226
  },
  "downstream": {
    "f1": 18.867924528301888,
    "auc": 56.794871794871796,
    "precision": 14.285714285714285,
    "recall": 27.77777777777778,
    "threshold": 0.56,
    "n_test": 148,
    "n_anomalous": 18,
    "anomaly_rate": 0.12162162162162163,
    "val_f1": 50.0
  },
  "ablation": "no_codebook_loss"
}