{
  "dataset": "MSL",
  "seed": 42,
  "n_params": 1474100,
  "pretrain": {
    "best_epoch": 4,
    "val_loss": -0.019122195430099964,
    "wall_time_seconds": 47.604337215423584,
    "codebook_utilization": 1.0,
    "codebook_perplexity": 58.67536020278931
  },
  "downstream": {
    "f1": 24.242424242424242,
    "auc": 56.1965811965812,
    "precision": 16.666666666666664,
    "recall": 44.44444444444444,
    "threshold": 0.53,
    "n_test": 148,
    "n_anomalous": 18,
    "anomaly_rate": 0.12162162162162163,
    "val_f1": 31.57894736842105
  },
  "ablation": "no_reconstruction"
}