{
  "dataset": "MSL",
  "seed": 42,
  "n_params": 1474100,
  "pretrain": {
    "best_epoch": 49,
    "val_loss": 0.007341931574046612,
    "wall_time_seconds": 48.00845503807068,
    "codebook_utilization": 1.0,
    "codebook_perplexity": 61.85748505592346
  },
  "downstream": {
    "f1": 25.454545454545453,
    "auc": 55.5982905982906,
    "precision": 18.91891891891892,
    "recall": 38.88888888888889,
    "threshold": 0.54,
    "n_test": 148,
    "n_anomalous": 18,
    "anomaly_rate": 0.12162162162162163,
    "val_f1": 25.0
  },
  "ablation": "no_prediction"
}