{
  "dataset": "MSL",
  "seed": 42,
  "n_params": 1474100,
  "pretrain": {
    "best_epoch": 8,
    "val_loss": 0.060327157378196716,
    "wall_time_seconds": 47.75906848907471,
    "codebook_utilization": 1.0,
    "codebook_perplexity": 59.39750814437866
  },
  "downstream": {
    "f1": 22.78481012658228,
    "auc": 55.21367521367521,
    "precision": 14.754098360655737,
    "recall": 50.0,
    "threshold": 0.49,
    "n_test": 148,
    "n_anomalous": 18,
    "anomaly_rate": 0.12162162162162163,
    "val_f1": 21.53846153846154
  },
  "ablation": "no_downsampling"
}