{
  "dataset": "MSL",
  "seed": 42,
  "n_params": 1474100,
  "pretrain": {
    "best_epoch": 10,
    "val_loss": 0.06437722593545914,
    "wall_time_seconds": 47.55270051956177,
    "codebook_utilization": 1.0,
    "codebook_perplexity": 59.35539364814758
  },
  "downstream": {
    "f1": 22.22222222222222,
    "auc": 56.452991452991455,
    "precision": 15.555555555555555,
    "recall": 38.88888888888889,
    "threshold": 0.51,
    "n_test": 148,
    "n_anomalous": 18,
    "anomaly_rate": 0.12162162162162163,
    "val_f1": 23.076923076923077
  },
  "ablation": "full"
}