{
  "dataset": "MSL",
  "seed": 42,
  "n_params": 1474100,
  "pretrain": {
    "best_epoch": 49,
    "val_loss": 0.007312687113881111,
    "wall_time_seconds": 47.86894750595093,
    "codebook_utilization": 1.0,
    "codebook_perplexity": 60.748074531555176
  },
  "downstream": {
    "f1": 25.49019607843137,
    "auc": 63.63247863247863,
    "precision": 15.476190476190476,
    "recall": 72.22222222222221,
    "threshold": 0.09999999999999999,
    "n_test": 148,
    "n_anomalous": 18,
    "anomaly_rate": 0.12162162162162163,
    "val_f1": 21.53846153846154
  },
  "ablation": "no_kl"
}