{
  "dataset": "PSM",
  "seed": 42,
  "n_params": 1474100,
  "pretrain": {
    "best_epoch": 49,
    "val_loss": 0.04839252382516861,
    "wall_time_seconds": 88.47358536720276,
    "codebook_utilization": 0.08868243243243243,
    "codebook_perplexity": 22.084409868395007
  },
  "downstream": {
    "f1": 52.10084033613446,
    "auc": 59.946236559139784,
    "precision": 35.22727272727273,
    "recall": 100.0,
    "threshold": 0.01,
    "n_test": 176,
    "n_anomalous": 62,
    "anomaly_rate": 0.3522727272727273,
    "val_f1": 61.111111111111114
  },
  "ablation": "no_codebook"
}