{
  "dataset": "PSM",
  "seed": 42,
  "n_params": 1474100,
  "pretrain": {
    "best_epoch": 49,
    "val_loss": 0.09275504499673844,
    "wall_time_seconds": 88.14347434043884,
    "codebook_utilization": 0.125,
    "codebook_perplexity": 21.44454677684887
  },
  "downstream": {
    "f1": 52.10084033613446,
    "auc": 55.333899264289755,
    "precision": 35.22727272727273,
    "recall": 100.0,
    "threshold": 0.01,
    "n_test": 176,
    "n_anomalous": 62,
    "anomaly_rate": 0.3522727272727273,
    "val_f1": 61.111111111111114
  },
  "ablation": "no_codebook_loss"
}