{
  "config": "v17_phase4_tte",
  "k_max": 150,
  "k_eval_f1": 30,
  "sensor": "s14",
  "s14_idx": 9,
  "baseline_window": 50,
  "n_sigma": 3.0,
  "seeds": [
    42,
    123,
    456
  ],
  "per_seed": [
    {
      "seed": 42,
      "best_val_f1": 0.0,
      "tte_rmse": 119.07038809954275,
      "tte_nrmse": 0.7938025873302851,
      "tte_n_valid": 478,
      "bin_f1": 0.08540925266903915,
      "bin_auc_pr": 0.4188475960041201,
      "bin_precision": 0.41379310344827586,
      "bin_recall": 0.047619047619047616,
      "n_test": 593,
      "n_pos": 252
    },
    {
      "seed": 123,
      "best_val_f1": 0.5168539325842697,
      "tte_rmse": 59.98802181691172,
      "tte_nrmse": 0.3999201454460781,
      "tte_n_valid": 478,
      "bin_f1": 0.07857142857142857,
      "bin_auc_pr": 0.4031405276713157,
      "bin_precision": 0.39285714285714285,
      "bin_recall": 0.04365079365079365,
      "n_test": 593,
      "n_pos": 252
    },
    {
      "seed": 456,
      "best_val_f1": 0.0,
      "tte_rmse": 119.07038809954275,
      "tte_nrmse": 0.7938025873302851,
      "tte_n_valid": 478,
      "bin_f1": 0.07168458781362007,
      "bin_auc_pr": 0.4694201926543993,
      "bin_precision": 0.37037037037037035,
      "bin_recall": 0.03968253968253968,
      "n_test": 593,
      "n_pos": 252
    }
  ],
  "bin_f1_mean": 0.07855508968469593,
  "bin_auc_pr_mean": 0.4304694387766117,
  "tte_rmse_mean": 99.37626600533241,
  "runtime_minutes": 1.2777539491653442
}