{
  "per_seed": [
    {
      "seed": 42,
      "primary": {
        "auprc": 0.09992031075771358,
        "auroc": 0.7227495872335797,
        "f1_best": 0.17643352719598768,
        "precision_best": 0.11080403037453426,
        "recall_best": 0.43275589959416805,
        "threshold_best": 0.3170822262763977,
        "prevalence": 0.04427025282553075,
        "n_cells": 2404504,
        "n_positive": 106448
      },
      "per_horizon": {
        "auprc_per_k": [
          0.03539720094295805,
          0.038495569690070425,
          0.04123193050084735,
          0.04928154491252812,
          0.06577562434346533,
          0.09696832944586962,
          0.12039085459052734,
          0.13848427784194645
        ],
        "auroc_per_k": [
          0.6649606761963955,
          0.6652066471179676,
          0.6644187796685923,
          0.6607355667939698,
          0.6640520899768437,
          0.6723003143476467,
          0.6734691934452045,
          0.6693183918406852
        ],
        "horizon_labels": [
          1,
          2,
          3,
          6,
          12,
          24,
          36,
          48
        ],
        "prevalence_per_k": [
          0.020531469275992056,
          0.022501106257257215,
          0.02443081816457781,
          0.030053599411770576,
          0.04046738953231103,
          0.058237374527137405,
          0.07278008271144486,
          0.08516018272375508
        ]
      },
      "monotonicity": {
        "violation_rate": 0.0,
        "mean_violation": 0.0,
        "max_violation": 0.0,
        "n_pairs": 2103941
      },
      "train": {
        "best_val": 1.037072416301142,
        "final_epoch": 6
      },
      "pos_weight": 13.834761181628034,
      "n_train_windows": 129437,
      "n_test_windows": 300563,
      "surface_file": "/home/sagemaker-user/IndustrialJEPA/fam-jepa/experiments/v23/surfaces/sepsis_pred_ft_seed42.npz",
      "runtime_s": 53.026360750198364,
      "pretrain": {
        "best_loss": 0.01631370371580124,
        "best_ep": 3,
        "final_ep": 8,
        "runtime_min": 0.14100862741470338,
        "params": 2378752
      }
    },
    {
      "seed": 123,
      "primary": {
        "auprc": 0.07535074590552038,
        "auroc": 0.6343204592727022,
        "f1_best": 0.12409795981732798,
        "precision_best": 0.08563511250299068,
        "recall_best": 0.22528370659852698,
        "threshold_best": 0.3330845236778259,
        "prevalence": 0.04427025282553075,
        "n_cells": 2404504,
        "n_positive": 106448
      },
      "per_horizon": {
        "auprc_per_k": [
          0.030768749188859454,
          0.03419142090116959,
          0.03731754016346632,
          0.044511339218290105,
          0.05658680025378827,
          0.07821407107127155,
          0.09754306394149309,
          0.11871208129924395
        ],
        "auroc_per_k": [
          0.6024302018680281,
          0.6126152644826841,
          0.6177682595192826,
          0.6103115641615308,
          0.5906257850341461,
          0.5761157942251534,
          0.5766504996473271,
          0.598824625225325
        ],
        "horizon_labels": [
          1,
          2,
          3,
          6,
          12,
          24,
          36,
          48
        ],
        "prevalence_per_k": [
          0.020531469275992056,
          0.022501106257257215,
          0.02443081816457781,
          0.030053599411770576,
          0.04046738953231103,
          0.058237374527137405,
          0.07278008271144486,
          0.08516018272375508
        ]
      },
      "monotonicity": {
        "violation_rate": 0.0,
        "mean_violation": 0.0,
        "max_violation": 0.0,
        "n_pairs": 2103941
      },
      "train": {
        "best_val": 1.0447301323288276,
        "final_epoch": 6
      },
      "pos_weight": 13.834761181628034,
      "n_train_windows": 129437,
      "n_test_windows": 300563,
      "surface_file": "/home/sagemaker-user/IndustrialJEPA/fam-jepa/experiments/v23/surfaces/sepsis_pred_ft_seed123.npz",
      "runtime_s": 53.03241467475891,
      "pretrain": {
        "best_loss": 0.01634846669435501,
        "best_ep": 3,
        "final_ep": 8,
        "runtime_min": 0.10166477759679159,
        "params": 2378752
      }
    },
    {
      "seed": 456,
      "primary": {
        "auprc": 0.11319733063428433,
        "auroc": 0.7373932952736539,
        "f1_best": 0.19667804923548723,
        "precision_best": 0.12976377385451784,
        "recall_best": 0.40607620622275664,
        "threshold_best": 0.5078498721122742,
        "prevalence": 0.04427025282553075,
        "n_cells": 2404504,
        "n_positive": 106448
      },
      "per_horizon": {
        "auprc_per_k": [
          0.0352694507091653,
          0.038520730016875976,
          0.04214318465390389,
          0.053745953344407196,
          0.07584670408684481,
          0.11155166813907343,
          0.13954044429421295,
          0.16529785395111143
        ],
        "auroc_per_k": [
          0.6753102394791373,
          0.6745747702506137,
          0.6769339805557759,
          0.6888372151370532,
          0.7017858616711536,
          0.7061590154785399,
          0.7080285353411087,
          0.7129435073046113
        ],
        "horizon_labels": [
          1,
          2,
          3,
          6,
          12,
          24,
          36,
          48
        ],
        "prevalence_per_k": [
          0.020531469275992056,
          0.022501106257257215,
          0.02443081816457781,
          0.030053599411770576,
          0.04046738953231103,
          0.058237374527137405,
          0.07278008271144486,
          0.08516018272375508
        ]
      },
      "monotonicity": {
        "violation_rate": 0.0,
        "mean_violation": 0.0,
        "max_violation": 0.0,
        "n_pairs": 2103941
      },
      "train": {
        "best_val": 1.0261373883370175,
        "final_epoch": 6
      },
      "pos_weight": 13.834761181628034,
      "n_train_windows": 129437,
      "n_test_windows": 300563,
      "surface_file": "/home/sagemaker-user/IndustrialJEPA/fam-jepa/experiments/v23/surfaces/sepsis_pred_ft_seed456.npz",
      "runtime_s": 53.48813819885254,
      "pretrain": {
        "best_loss": 0.01692363899946213,
        "best_ep": 3,
        "final_ep": 8,
        "runtime_min": 0.10215799013773601,
        "params": 2378752
      }
    }
  ],
  "agg": {
    "n_seeds": 3,
    "auprc_mean": 0.09615612909917276,
    "auprc_std": 0.01920202571544858,
    "auroc_mean": 0.6981544472599787,
    "auroc_std": 0.05576462196644524,
    "f1_best_mean": 0.1657365120829343,
    "f1_best_std": 0.03745379746078717,
    "precision_best_mean": 0.1087343055773476,
    "precision_best_std": 0.02213701670780209,
    "recall_best_mean": 0.3547052708051505,
    "recall_best_std": 0.11287341348105419,
    "mono_violation_mean": 0.0,
    "mono_violation_std": 0.0
  },
  "seeds": [
    42,
    123,
    456
  ],
  "horizons": [
    1,
    2,
    3,
    6,
    12,
    24,
    36,
    48
  ],
  "window": 24,
  "runtime_min": 3.0300849040349322
}