{
  "FD003": {
    "1.0": {
      "frozen": {
        "mean": 19.24997901916504,
        "std": 3.189412667903019,
        "all": [
          18.131267547607422,
          17.44048500061035,
          25.605560302734375,
          17.72218894958496,
          17.350393295288086
        ]
      },
      "e2e": {
        "mean": 15.374155616760254,
        "std": 0.8851966305517649,
        "all": [
          15.32977294921875,
          17.030012130737305,
          14.75545597076416,
          14.491475105285645,
          15.26406192779541
        ]
      }
    },
    "0.2": {
      "frozen": {
        "mean": 21.387688827514648,
        "std": 1.0580212796736301,
        "all": [
          22.310482025146484,
          21.360469818115234,
          19.45747947692871,
          22.396846771240234,
          21.413166046142578
        ]
      },
      "e2e": {
        "mean": 20.14176139831543,
        "std": 2.4008509240613654,
        "all": [
          21.377824783325195,
          23.118741989135742,
          16.661922454833984,
          21.514711380004883,
          18.035606384277344
        ]
      }
    },
    "0.1": {
      "frozen": {
        "mean": 32.623482894897464,
        "std": 2.366885292297213,
        "all": [
          29.97200584411621,
          32.256248474121094,
          31.537273406982422,
          32.30523681640625,
          37.04664993286133
        ]
      },
      "e2e": {
        "mean": 21.535265350341795,
        "std": 1.466521203901028,
        "all": [
          20.480422973632812,
          23.82990074157715,
          21.054353713989258,
          22.544376373291016,
          19.76727294921875
        ]
      }
    }
  },
  "FD004": {
    "1.0": {
      "frozen": {
        "mean": 29.346072387695312,
        "std": 0.6111422350821101,
        "all": [
          28.31146240234375,
          29.200204849243164,
          30.191373825073242,
          29.564023971557617,
          29.46329689025879
        ]
      },
      "e2e": {
        "mean": 25.624715423583986,
        "std": 0.25557267017556246,
        "all": [
          26.104890823364258,
          25.422513961791992,
          25.668468475341797,
          25.436790466308594,
          25.49091339111328
        ]
      }
    },
    "0.2": {
      "frozen": {
        "mean": 30.78072395324707,
        "std": 0.27790390048250896,
        "all": [
          30.439123153686523,
          31.029277801513672,
          30.535261154174805,
          30.737686157226562,
          31.16227149963379
        ]
      },
      "e2e": {
        "mean": 27.1603645324707,
        "std": 0.41144644838506145,
        "all": [
          26.753677368164062,
          26.80150032043457,
          27.892959594726562,
          27.09016990661621,
          27.26351547241211
        ]
      }
    },
    "0.1": {
      "frozen": {
        "mean": 31.076725006103516,
        "std": 0.15023324199112803,
        "all": [
          30.984485626220703,
          31.243186950683594,
          30.879732131958008,
          31.26117515563965,
          31.015045166015625
        ]
      },
      "e2e": {
        "mean": 29.025046157836915,
        "std": 0.5528685938382565,
        "all": [
          29.18010711669922,
          28.71854019165039,
          29.324342727661133,
          28.141855239868164,
          29.760385513305664
        ]
      }
    }
  }
}