{
  "fd001_to_fd003": {
    "1.0": {
      "mean": 24.79197769165039,
      "std": 0.5641766637998848,
      "all": [
        25.4846248626709,
        24.012279510498047,
        25.251861572265625,
        24.271800994873047,
        24.939321517944336
      ]
    },
    "0.5": {
      "mean": 25.905271148681642,
      "std": 0.42850239966218023,
      "all": [
        26.429367065429688,
        25.440715789794922,
        26.020896911621094,
        25.371105194091797,
        26.264270782470703
      ]
    },
    "0.2": {
      "mean": 27.82132568359375,
      "std": 1.4508712392392915,
      "all": [
        26.143821716308594,
        28.18233871459961,
        26.112485885620117,
        29.128637313842773,
        29.539344787597656
      ]
    },
    "0.1": {
      "mean": 28.7939022064209,
      "std": 0.3632937880484711,
      "all": [
        28.913150787353516,
        28.240753173828125,
        28.511276245117188,
        29.112571716308594,
        29.19175910949707
      ]
    },
    "0.05": {
      "mean": 28.282485961914062,
      "std": 0.23797140034013767,
      "all": [
        28.35254669189453,
        28.431026458740234,
        28.166446685791016,
        27.88663673400879,
        28.575773239135742
      ]
    }
  },
  "fd002_to_fd003": {
    "1.0": {
      "mean": 27.239548110961913,
      "std": 0.42122200228241935,
      "all": [
        27.13610076904297,
        27.392906188964844,
        27.053625106811523,
        27.9435977935791,
        26.671510696411133
      ]
    },
    "0.2": {
      "mean": 35.78235549926758,
      "std": 2.7577983423307293,
      "all": [
        36.38983154296875,
        33.394126892089844,
        40.09572982788086,
        36.767967224121094,
        32.264122009277344
      ]
    },
    "0.1": {
      "mean": 40.85654754638672,
      "std": 3.715073678305562,
      "all": [
        38.31019592285156,
        36.42473220825195,
        39.4354248046875,
        46.72806930541992,
        43.384315490722656
      ]
    }
  },
  "fd001_in_domain_rerun": {
    "1.0": {
      "mean": 15.835390281677245,
      "std": 0.4793075598031683
    },
    "0.2": {
      "mean": 18.379132080078126,
      "std": 1.2969983175426545
    },
    "0.1": {
      "mean": 20.097521209716795,
      "std": 0.7152921603818152
    }
  }
}