{
  "jepa_frozen": {
    "1.0": {
      "mean": 17.814851379394533,
      "std": 1.6712664463058307,
      "all": [
        20.580846786499023,
        18.407087326049805,
        17.794719696044922,
        16.588703155517578,
        15.702899932861328
      ]
    },
    "0.5": {
      "mean": 18.707126235961915,
      "std": 1.130916047839548,
      "all": [
        19.568010330200195,
        19.108789443969727,
        16.468961715698242,
        19.254541397094727,
        19.13532829284668
      ]
    },
    "0.2": {
      "mean": 19.833644485473634,
      "std": 0.3403809414863522,
      "all": [
        19.931655883789062,
        20.266698837280273,
        19.31728172302246,
        20.066516876220703,
        19.586069107055664
      ]
    },
    "0.1": {
      "mean": 19.932213592529298,
      "std": 0.8560374290615582,
      "all": [
        20.371925354003906,
        19.86046600341797,
        18.702774047851562,
        19.473312377929688,
        21.25259017944336
      ]
    },
    "0.05": {
      "mean": 21.529927062988282,
      "std": 1.9636280434296007,
      "all": [
        23.50172996520996,
        22.74324607849121,
        19.814260482788086,
        18.570804595947266,
        23.019594192504883
      ]
    }
  },
  "jepa_e2e": {
    "1.0": {
      "mean": 13.801020431518555,
      "std": 0.753069162182724,
      "all": [
        13.370287895202637,
        14.515628814697266,
        13.540310859680176,
        14.8070650100708,
        12.771809577941895
      ]
    },
    "0.5": {
      "mean": 14.929877281188965,
      "std": 0.4093422671739351,
      "all": [
        15.358518600463867,
        14.505849838256836,
        15.067852973937988,
        14.386846542358398,
        15.330318450927734
      ]
    },
    "0.2": {
      "mean": 16.542846870422363,
      "std": 0.7988917646747051,
      "all": [
        15.91748332977295,
        17.945297241210938,
        16.67479133605957,
        15.639657974243164,
        16.537004470825195
      ]
    },
    "0.1": {
      "mean": 18.66312484741211,
      "std": 0.8380878679050102,
      "all": [
        19.275009155273438,
        18.612966537475586,
        18.498973846435547,
        17.233675003051758,
        19.69499969482422
      ]
    },
    "0.05": {
      "mean": 25.3317081451416,
      "std": 5.125833614982673,
      "all": [
        22.31601333618164,
        30.341726303100586,
        22.653480529785156,
        18.974056243896484,
        32.37326431274414
      ]
    }
  }
}