{
  "frozen": {
    "mean": 17.820948791503906,
    "std": 1.1795850985403704,
    "all": [
      18.56821632385254,
      16.63558006286621,
      19.050992965698242,
      16.16660499572754,
      18.683349609375
    ]
  },
  "e2e": {
    "mean": 14.573205947875977,
    "std": 0.6644311171917067,
    "all": [
      14.248784065246582,
      15.576314926147461,
      15.099514961242676,
      13.755234718322754,
      14.18618106842041
    ]
  }
}