{
  "supervised_lstm": {
    "1.0": {
      "mean": 17.362011909484863,
      "std": 1.2403931120178542,
      "all": [
        17.7517032623291,
        15.798935890197754,
        19.090070724487305,
        18.074066162109375,
        16.09528350830078
      ]
    },
    "0.5": {
      "mean": 18.295430755615236,
      "std": 0.7491158562957977,
      "all": [
        17.68528938293457,
        17.85914421081543,
        18.778257369995117,
        19.53934097290039,
        17.615121841430664
      ]
    },
    "0.2": {
      "mean": 18.552872467041016,
      "std": 0.8052891086390653,
      "all": [
        18.24712371826172,
        19.072572708129883,
        19.748428344726562,
        17.370534896850586,
        18.325702667236328
      ]
    },
    "0.1": {
      "mean": 31.217783737182618,
      "std": 10.928761690976824,
      "all": [
        20.587867736816406,
        22.632083892822266,
        45.00714111328125,
        44.07022476196289,
        23.791601181030273
      ]
    },
    "0.05": {
      "mean": 33.07806739807129,
      "std": 9.640722010855466,
      "all": [
        27.621150970458984,
        26.022167205810547,
        45.16037368774414,
        44.22673797607422,
        22.359907150268555
      ]
    }
  },
  "jepa_frozen": {
    "1.0": {
      "mean": 21.32695617675781,
      "std": 0.31559955077367846,
      "all": [
        21.770586013793945,
        21.02736473083496,
        20.929399490356445,
        21.55683135986328,
        21.35059928894043
      ]
    },
    "0.5": {
      "mean": 21.008063125610352,
      "std": 0.11333510004660757,
      "all": [
        21.006227493286133,
        20.80232048034668,
        21.083694458007812,
        21.012939453125,
        21.135133743286133
      ]
    },
    "0.2": {
      "mean": 21.316787338256837,
      "std": 0.36959765906896197,
      "all": [
        21.773502349853516,
        21.007369995117188,
        20.839664459228516,
        21.70152473449707,
        21.26187515258789
      ]
    },
    "0.1": {
      "mean": 22.92182312011719,
      "std": 1.085295461999242,
      "all": [
        22.967082977294922,
        24.85725975036621,
        21.73337173461914,
        22.070110321044922,
        22.981290817260742
      ]
    },
    "0.05": {
      "mean": 22.122364044189453,
      "std": 0.9976217196628755,
      "all": [
        24.05003547668457,
        21.832199096679688,
        21.41363525390625,
        22.006200790405273,
        21.309749603271484
      ]
    }
  },
  "jepa_e2e": {
    "1.0": {
      "mean": 14.785830116271972,
      "std": 0.9212649011519581,
      "all": [
        14.957761764526367,
        15.639867782592773,
        13.138039588928223,
        14.560009956359863,
        15.633471488952637
      ]
    },
    "0.5": {
      "mean": 17.505129432678224,
      "std": 1.1287085024432235,
      "all": [
        18.55520248413086,
        18.928041458129883,
        16.968238830566406,
        17.271963119506836,
        15.802201271057129
      ]
    },
    "0.2": {
      "mean": 16.91329231262207,
      "std": 0.8697675704622903,
      "all": [
        18.443552017211914,
        17.093917846679688,
        16.077760696411133,
        16.071311950683594,
        16.879919052124023
      ]
    },
    "0.1": {
      "mean": 24.622611618041994,
      "std": 3.2237848466536603,
      "all": [
        28.94379425048828,
        27.813459396362305,
        22.70496368408203,
        20.449941635131836,
        23.200899124145508
      ]
    },
    "0.05": {
      "mean": 22.12373046875,
      "std": 1.3153916219421466,
      "all": [
        23.934829711914062,
        22.79240608215332,
        20.783756256103516,
        20.440509796142578,
        22.667150497436523
      ]
    }
  }
}