{
  "1.00": {
    "frozen": {
      "mean": 23.598564910888673,
      "std": 0.5958157028688357,
      "all": [
        24.039642333984375,
        24.277048110961914,
        22.73077964782715,
        23.882156372070312,
        23.06319808959961
      ]
    },
    "e2e": {
      "mean": 15.680712890625,
      "std": 0.8222844553887331,
      "all": [
        16.493797302246094,
        15.115548133850098,
        15.345771789550781,
        16.792930603027344,
        14.655516624450684
      ]
    }
  },
  "0.50": {
    "frozen": {
      "mean": 22.130960273742676,
      "std": 3.466349055392728,
      "all": [
        23.31818199157715,
        25.44890022277832,
        23.093528747558594,
        23.38364028930664,
        15.410550117492676
      ]
    },
    "e2e": {
      "mean": 15.984628295898437,
      "std": 0.9975370039789307,
      "all": [
        17.827241897583008,
        15.730941772460938,
        15.347832679748535,
        16.08172607421875,
        14.935399055480957
      ]
    }
  },
  "0.20": {
    "frozen": {
      "mean": 23.266662979125975,
      "std": 0.9877092758308269,
      "all": [
        23.96063232421875,
        23.453397750854492,
        22.166959762573242,
        24.626773834228516,
        22.125551223754883
      ]
    },
    "e2e": {
      "mean": 16.563964080810546,
      "std": 0.3119469495371449,
      "all": [
        16.125001907348633,
        17.018329620361328,
        16.54753303527832,
        16.773221969604492,
        16.35573387145996
      ]
    }
  },
  "0.10": {
    "frozen": {
      "mean": 26.50892868041992,
      "std": 1.4305929657266618,
      "all": [
        26.762832641601562,
        27.486356735229492,
        28.26712989807129,
        25.923343658447266,
        24.10498046875
      ]
    },
    "e2e": {
      "mean": 20.991713333129884,
      "std": 2.244495852752859,
      "all": [
        25.138538360595703,
        20.439098358154297,
        18.303983688354492,
        20.70052719116211,
        20.376419067382812
      ]
    }
  },
  "0.05": {
    "frozen": {
      "mean": 27.165235137939455,
      "std": 5.292430865120749,
      "all": [
        36.847835540771484,
        22.32010269165039,
        28.677221298217773,
        24.424776077270508,
        23.55624008178711
      ]
    },
    "e2e": {
      "mean": 20.484320831298827,
      "std": 1.2073524443376027,
      "all": [
        22.159780502319336,
        20.404830932617188,
        18.743602752685547,
        19.709806442260742,
        21.403583526611328
      ]
    }
  }
}