{
  "pc1_rho": NaN,
  "max_component_rho": NaN,
  "all_component_rhos": [
    [
      1,
      NaN,
      NaN
    ],
    [
      2,
      NaN,
      NaN
    ],
    [
      3,
      NaN,
      NaN
    ],
    [
      4,
      NaN,
      NaN
    ],
    [
      5,
      NaN,
      NaN
    ]
  ],
  "shuffle_rmse": 0.757713258266449,
  "normal_probe_rmse": 0.9209750890731812,
  "best_pretrain_probe_rmse": 15.645795822143555,
  "embedding_std_mean": 0.0960666760802269,
  "explained_variance": [
    0.18843665719032288,
    0.11841809004545212,
    0.08971106261014938,
    0.058601438999176025,
    0.056350529193878174
  ]
}