{
  "pc1_rho": 0.8144393063117599,
  "max_component_rho": 0.8144393063117599,
  "all_component_rhos": [
    [
      1,
      0.8144393063117599,
      3.7859519973585854e-238
    ],
    [
      2,
      -0.447189049297691,
      2.499798771693133e-50
    ],
    [
      3,
      0.3637674599306854,
      1.1977989750505295e-32
    ],
    [
      4,
      0.11676579621956962,
      0.00021517045794995236
    ],
    [
      5,
      0.13001539910310206,
      3.7263837072436355e-05
    ]
  ],
  "shuffle_rmse": 28.078764810822257,
  "normal_probe_rmse": 20.78708790872112,
  "best_pretrain_probe_rmse": 15.645795822143555,
  "embedding_std_mean": 0.6596693992614746,
  "explained_variance": [
    0.7342798113822937,
    0.2289019674062729,
    0.00431492505595088,
    0.003111185971647501,
    0.002945542801171541
  ]
}