{
  "log": {
    "baseline": [
      {
        "seed": 42,
        "ckpt": "/home/sagemaker-user/IndustrialJEPA/fam-jepa/experiments/v22/ckpts/baseline_fd001_seed42_best.pt",
        "best_loss": 0.0059891755480830575,
        "best_ep": 7,
        "final_ep": 12,
        "losses": [
          0.038342490007772165,
          0.012927287876898168,
          0.009159977956145418,
          0.00787270090086203,
          0.0072588044609509265,
          0.006538829841450149,
          0.0059891755480830575,
          0.006073645253610962,
          0.006716981266132172,
          0.007362973647301688,
          0.007949334708060704,
          0.007883158100440222
        ],
        "params": 2373632,
        "runtime_min": 0.2117605725924174
      },
      {
        "seed": 123,
        "ckpt": "/home/sagemaker-user/IndustrialJEPA/fam-jepa/experiments/v22/ckpts/baseline_fd001_seed123_best.pt",
        "best_loss": 0.0070223684955899625,
        "best_ep": 6,
        "final_ep": 11,
        "losses": [
          0.038353873558488544,
          0.013379851562135359,
          0.009656928347460195,
          0.008118995872928816,
          0.00717949989379621,
          0.0070223684955899625,
          0.007393105808718532,
          0.008381869081480831,
          0.008975275329807226,
          0.009948945136046878,
          0.01129743662169751
        ],
        "params": 2373632,
        "runtime_min": 0.20787622928619384
      },
      {
        "seed": 456,
        "ckpt": "/home/sagemaker-user/IndustrialJEPA/fam-jepa/experiments/v22/ckpts/baseline_fd001_seed456_best.pt",
        "best_loss": 0.007156042955158388,
        "best_ep": 5,
        "final_ep": 10,
        "losses": [
          0.04075420549248948,
          0.01448213280050778,
          0.009836222964758966,
          0.008042845665751135,
          0.007156042955158388,
          0.007292215296742963,
          0.007898099229616278,
          0.00868425330694984,
          0.009452536924212586,
          0.010158431808299877
        ],
        "params": 2373632,
        "runtime_min": 0.17719093561172486
      }
    ],
    "variantA": [
      {
        "seed": 42,
        "ckpt": "/home/sagemaker-user/IndustrialJEPA/fam-jepa/experiments/v22/ckpts/variantA_fd001_seed42_best.pt",
        "best_loss": 0.005617257282503095,
        "best_ep": 19,
        "final_ep": 24,
        "losses": [
          0.040180730463243,
          0.01539446116589448,
          0.011752180006428092,
          0.010722277664816846,
          0.009948725662395066,
          0.009451515188842427,
          0.008128567016592213,
          0.007077704088068476,
          0.006685511897518938,
          0.006467896000500403,
          0.006212547006925532,
          0.005996076913879198,
          0.005831733640356391,
          0.005780051043074505,
          0.005722287965244523,
          0.005691846456451743,
          0.005690926582935979,
          0.005656420022395312,
          0.005617257282503095,
          0.005623887293040752,
          0.005595782453596008,
          0.0055496130701081425,
          0.0055598632750265735,
          0.00555169114368219
        ],
        "params": 2395648,
        "runtime_min": 0.29697263638178506
      },
      {
        "seed": 123,
        "ckpt": "/home/sagemaker-user/IndustrialJEPA/fam-jepa/experiments/v22/ckpts/variantA_fd001_seed123_best.pt",
        "best_loss": 0.006142515590158748,
        "best_ep": 16,
        "final_ep": 21,
        "losses": [
          0.03903142334491599,
          0.014335477660391845,
          0.011134128355074163,
          0.00997927353662603,
          0.009225741894367864,
          0.008135773800678698,
          0.007192646931199466,
          0.006753087192773819,
          0.0064991781860589985,
          0.006455765382989365,
          0.006398068323877512,
          0.006341088346990885,
          0.006269756673159553,
          0.006204074305281335,
          0.006226409099923045,
          0.006142515590158748,
          0.006177964248493606,
          0.006114338859915734,
          0.006154958364352876,
          0.00611033791457029,
          0.006174682913092422
        ],
        "params": 2395648,
        "runtime_min": 0.18854991594950357
      },
      {
        "seed": 456,
        "ckpt": "/home/sagemaker-user/IndustrialJEPA/fam-jepa/experiments/v22/ckpts/variantA_fd001_seed456_best.pt",
        "best_loss": 0.005331483144751367,
        "best_ep": 27,
        "final_ep": 32,
        "losses": [
          0.039698363793831244,
          0.015050194690770962,
          0.011020356881998334,
          0.009944701080813127,
          0.009250648365009065,
          0.008586821187214525,
          0.007696852490086766,
          0.0070804733286301295,
          0.006651599438240131,
          0.006428120408353268,
          0.0063015543362673595,
          0.006235022223098021,
          0.006148826589479166,
          0.006132635610068546,
          0.006052332542763621,
          0.0060430470076115695,
          0.006022107146826445,
          0.005904619445403417,
          0.00586423454514029,
          0.005816933025478148,
          0.005579895378985241,
          0.005500462772872518,
          0.005446183586529657,
          0.005387733566994761,
          0.0053767035379275385,
          0.005373766410949768,
          0.005331483144751367,
          0.005346107929944992,
          0.005292660092167995,
          0.005330402104220554,
          0.005312558374933753,
          0.005282585044190579
        ],
        "params": 2395648,
        "runtime_min": 0.18801985581715902
      }
    ],
    "variantB": [
      {
        "seed": 42,
        "ckpt": "/home/sagemaker-user/IndustrialJEPA/fam-jepa/experiments/v22/ckpts/variantB_fd001_seed42_best.pt",
        "best_loss": 0.006725251633381727,
        "best_ep": 8,
        "final_ep": 13,
        "losses": [
          0.03909230684386749,
          0.014181315962444334,
          0.010433018190019272,
          0.009205789483499293,
          0.008520156670288713,
          0.00771681841097626,
          0.006994587951431088,
          0.006725251633381727,
          0.006689085336584671,
          0.006741185270468978,
          0.007418835113811142,
          0.007672007744949238,
          0.0074456652228300476
        ],
        "params": 3035392,
        "runtime_min": 0.13618518908818564
      },
      {
        "seed": 123,
        "ckpt": "/home/sagemaker-user/IndustrialJEPA/fam-jepa/experiments/v22/ckpts/variantB_fd001_seed123_best.pt",
        "best_loss": 0.008293409612687194,
        "best_ep": 5,
        "final_ep": 10,
        "losses": [
          0.04064082752986282,
          0.016277158840322027,
          0.011643627192459854,
          0.008995211776711193,
          0.008293409612687194,
          0.00846630435436964,
          0.008669187405384055,
          0.009096160775013998,
          0.008847570100835726,
          0.008660732912374477
        ],
        "params": 3035392,
        "runtime_min": 0.1041150172551473
      },
      {
        "seed": 456,
        "ckpt": "/home/sagemaker-user/IndustrialJEPA/fam-jepa/experiments/v22/ckpts/variantB_fd001_seed456_best.pt",
        "best_loss": 0.005668985292169393,
        "best_ep": 9,
        "final_ep": 14,
        "losses": [
          0.04082547865369741,
          0.015934224532661485,
          0.010742068297284491,
          0.009160755752932792,
          0.008075123533752619,
          0.007093461216883917,
          0.006359529329062093,
          0.006053106097102749,
          0.005668985292169393,
          0.005612922580730097,
          0.005722991101735947,
          0.006074519678585085,
          0.006420813294164106,
          0.00732007757413621
        ],
        "params": 3035392,
        "runtime_min": 0.14709731737772624
      }
    ]
  },
  "runtime_min": 1.7181773940722147,