{
  "SMAP": {
    "per_seed": [
      {
        "seed": 42,
        "f1_pa": 0.8616789371940937,
        "f1_non_pa": 0.261994473750314,
        "precision_pa": 0.820367566438678,
        "recall_pa": 0.9073715820171513,
        "precision_non_pa": 0.47629195524773577,
        "recall_non_pa": 0.18069471313487137,
        "auroc": 0.5839865603248204,
        "auc_pr": 0.41342951732995026,
        "threshold_pct": 92,
        "threshold_val": 0.7634961128234865,
        "prevalence": 0.28707963428078814
      },
      {
        "seed": 123,
        "f1_pa": 0.806267688272244,
        "f1_non_pa": 0.30627595392932694,
        "precision_pa": 0.7724723559600021,
        "recall_pa": 0.8431553720440043,
        "precision_non_pa": 0.476155673305317,
        "recall_non_pa": 0.22573845754049607,
        "auroc": 0.6491847465712001,
        "auc_pr": 0.45443398916939703,
        "threshold_pct": 90,
        "threshold_val": 0.5942567586898804,
        "prevalence": 0.28707963428078814
      },
      {
        "seed": 456,
        "f1_pa": 0.9235461328911524,
        "f1_non_pa": 0.14093582204039887,
        "precision_pa": 0.9477074534350217,
        "recall_pa": 0.9005861461611757,
        "precision_non_pa": 0.6155907974089793,
        "recall_non_pa": 0.0795772817832703,
        "auroc": 0.5491121903779981,
        "auc_pr": 0.39545029672714,
        "threshold_pct": 98,
        "threshold_val": 0.8342806935310352,
        "prevalence": 0.28707963428078814
      }
    ],
    "agg": {
      "f1_pa_mean": 0.8638309194524968,
      "f1_pa_std": 0.04790289945148031,
      "f1_non_pa_mean": 0.23640208324001324,
      "f1_non_pa_std": 0.06988355859230329,
      "n_seeds": 3
    }
  },
  "MSL": {
    "per_seed": [
      {
        "seed": 42,
        "f1_pa": 0.7945249084832087,
        "f1_non_pa": 0.04894384337970119,
        "precision_pa": 0.9142857142857143,
        "recall_pa": 0.7025049254151421,
        "precision_non_pa": 0.2887537993920973,
        "recall_non_pa": 0.026737967914438502,
        "auroc": 0.3825321636921175,
        "auc_pr": 0.19308034715138017,
        "threshold_pct": 98,
        "threshold_val": 0.7014695405960083,
        "prevalence": 0.23219187034374592
      },
      {
        "seed": 123,
        "f1_pa": 0.7945249084832087,
        "f1_non_pa": 0.013116474291710388,
        "precision_pa": 0.9142857142857143,
        "recall_pa": 0.7025049254151421,
        "precision_non_pa": 0.09652509652509653,
        "recall_non_pa": 0.007036307345904869,
        "auroc": 0.39194559186274447,
        "auc_pr": 0.1812951918575847,
        "threshold_pct": 98,
        "threshold_val": 0.8430266380310059,
        "prevalence": 0.23219187034374592
      },
      {
        "seed": 456,
        "f1_pa": 0.6716920609462711,
        "f1_non_pa": 0.04485363550519358,
        "precision_pa": 0.7807606263982103,
        "recall_pa": 0.5893611032929919,
        "precision_non_pa": 0.1390922401171303,
        "recall_non_pa": 0.026737967914438502,
        "auroc": 0.38483338175124077,
        "auc_pr": 0.18291275920674782,
        "threshold_pct": 95,
        "threshold_val": 0.7549148082733155,
        "prevalence": 0.23219187034374592
      }
    ],
    "agg": {
      "f1_pa_mean": 0.7535806259708963,
      "f1_pa_std": 0.05790395963054792,
      "f1_non_pa_mean": 0.03563798439220172,
      "f1_non_pa_std": 0.016012417327792218,
      "n_seeds": 3
    }
  },
  "PSM": {
    "per_seed": [
      {
        "seed": 42,
        "f1_pa": 0.9541604819697895,
        "f1_non_pa": 0.20822737471952132,
        "precision_pa": 0.9365786767226603,
        "recall_pa": 0.9724150204662751,
        "precision_non_pa": 0.6529080675422139,
        "recall_non_pa": 0.12386545648691938,
        "auroc": 0.5892863203955719,
        "auc_pr": 0.5325721472187701,
        "threshold_pct": 95,
        "threshold_val": 0.841352790594101,
        "prevalence": 0.43183215493390714
      },
      {
        "seed": 123,
        "f1_pa": 0.9282540230380948,
        "f1_non_pa": 0.23753103937566514,
        "precision_pa": 0.9009295703877397,
        "recall_pa": 0.9572877736252002,
        "precision_non_pa": 0.5859292964648233,
        "recall_non_pa": 0.14895888948211425,
        "auroc": 0.5507286916646043,
        "auc_pr": 0.5034450249714683,
        "threshold_pct": 92,
        "threshold_val": 0.7102344870567322,
        "prevalence": 0.43183215493390714
      },
      {
        "seed": 456,
        "f1_pa": 0.9207189125079829,
        "f1_non_pa": 0.14605861150289923,
        "precision_pa": 0.9445900411830775,
        "recall_pa": 0.8980245595301655,
        "precision_non_pa": 0.6115485564304461,
        "recall_non_pa": 0.08293290621106958,
        "auroc": 0.5800019442112827,
        "auc_pr": 0.5289472267310267,
        "threshold_pct": 96,
        "threshold_val": 0.726436972618103,
        "prevalence": 0.43183215493390714
      }
    ],
    "agg": {
      "f1_pa_mean": 0.9343778058386224,
      "f1_pa_std": 0.014322713403500938,
      "f1_non_pa_mean": 0.19727234186602857,
      "f1_non_pa_std": 0.03813843926058869,
      "n_seeds": 3
    }
  },
  "SMD": {
    "per_seed": [
      {
        "seed": 42,
        "f1_pa": 0.8515309069901791,
        "f1_non_pa": 0.10481294445017005,
        "precision_pa": 0.8874894226388075,
        "recall_pa": 0.818372797935236,
        "precision_non_pa": 0.3704243307230013,
        "recall_non_pa": 0.06104258575672999,
        "auroc": 0.5815206520424813,
        "auc_pr": 0.23266621314347324,
        "threshold_pct": 98,
        "threshold_val": 0.996556806564331,
        "prevalence": 0.16165512021889736
      },
      {
        "seed": 123,
        "f1_pa": 0.8875882824433253,
        "f1_non_pa": 0.13181621923653264,
        "precision_pa": 0.8946100847509298,
        "recall_pa": 0.8806758500645239,
        "precision_non_pa": 0.4287838730998017,
        "recall_non_pa": 0.0778788151616098,
        "auroc": 0.6251453313068278,
        "auc_pr": 0.2677846867631109,
        "threshold_pct": 98,
        "threshold_val": 0.9459251832962036,
        "prevalence": 0.16165512021889736
      },
      {
        "seed": 456,
        "f1_pa": 0.8543571372946033,
        "f1_non_pa": 0.12529309817514528,
        "precision_pa": 0.8880650174847817,
        "recall_pa": 0.8231145523843822,
        "precision_non_pa": 0.41555367709213864,
        "recall_non_pa": 0.07376729389874254,
        "auroc": 0.600151114088286,
        "auc_pr": 0.2597214838554661,
        "threshold_pct": 98,
        "threshold_val": 0.9599211645126342,
        "prevalence": 0.16165512021889736
      }
    ],
    "agg": {
      "f1_pa_mean": 0.8644921089093692,
      "f1_pa_std": 0.016372167813423936,
      "f1_non_pa_mean": 0.12064075395394931,
      "f1_non_pa_std": 0.01150441777061673,
      "n_seeds": 3
    }
  },
  "MBA": {
    "per_seed": [
      {
        "seed": 42,
        "f1_pa": 0.9997397866250325,
        "f1_non_pa": 0.33952483801295896,
        "precision_pa": 0.9994797086368367,
        "recall_pa": 1.0,
        "precision_non_pa": 0.9974619289340102,
        "recall_non_pa": 0.20458094742321709,
        "auroc": 0.7673424335319182,
        "auc_pr": 0.9907213639536513,
        "threshold_pct": 99,
        "threshold_val": 0.9996888548135757,
        "prevalence": 0.9726582278481013
      },
      {
        "seed": 123,
        "f1_pa": 0.9997397866250325,
        "f1_non_pa": 0.5311425296140619,
        "precision_pa": 0.9994797086368367,
        "recall_pa": 1.0,
        "precision_non_pa": 0.9985632183908046,
        "recall_non_pa": 0.3617907339927121,
        "auroc": 0.7589411379104248,
        "auc_pr": 0.9913146604737483,
        "threshold_pct": 99,
        "threshold_val": 0.9996957945823669,
        "prevalence": 0.9726582278481013
      },
      {
        "seed": 456,
        "f1_pa": 0.9997397866250325,
        "f1_non_pa": 0.5066045066045066,
        "precision_pa": 0.9994797086368367,
        "recall_pa": 1.0,