{
  "20pct": {
    "budget": 0.2,
    "v14_frozen_mean": 17.19555797576904,
    "v14_frozen_std": 1.9137582813141394,
    "per_seed": [
      15.92730712890625,
      17.086688995361328,
      16.561920166015625,
      20.87198257446289,
      15.529891014099121
    ],
    "per_seed_val": [
      10.991647720336914,
      10.207740783691406,
      7.76702356338501,
      10.62867546081543,
      12.991301536560059
    ],
    "v2_frozen_mean": 19.83,
    "v2_frozen_std": 0.3,
    "star_mean": 17.74,
    "star_std": 3.6,
    "delta_vs_v2": -2.6344420242309567,
    "delta_vs_star": -0.5444420242309569
  },
  "10pct": {
    "budget": 0.1,
    "v14_frozen_mean": 18.791119194030763,
    "v14_frozen_std": 1.9610982646702442,
    "per_seed": [
      19.754182815551758,
      17.32793617248535,
      19.398683547973633,
      21.546865463256836,
      15.92792797088623
    ],
    "per_seed_val": [
      13.790511131286621,
      12.805302619934082,
      4.605273246765137,
      10.019394874572754,
      12.994495391845703
    ],
    "v2_frozen_mean": 19.93,
    "v2_frozen_std": 0.9,
    "star_mean": 18.72,
    "star_std": 2.8,
    "delta_vs_v2": -1.1388808059692366,
    "delta_vs_star": 0.07111919403076428
  },
  "5pct": {
    "budget": 0.05,
    "v14_frozen_mean": 26.572656631469727,
    "v14_frozen_std": 4.6977466342943295,
    "per_seed": [
      28.401344299316406,
      21.065160751342773,
      29.625988006591797,
      32.67974853515625,
      21.091041564941406
    ],
    "per_seed_val": [
      13.377229690551758,
      10.071196556091309,
      9.766876220703125,
      33.490631103515625,
      16.654922485351562
    ],
    "v2_frozen_mean": 21.53,
    "v2_frozen_std": 2.0,
    "star_mean": 24.55,
    "star_std": 6.5,
    "delta_vs_v2": 5.042656631469725,
    "delta_vs_star": 2.022656631469726
  },
  "wall_time_s": 26.84227228164673
}