{
  "dataset": "MSL",
  "seed": 42,
  "method": "TrajectoryJEPA",
  "n_params": 580864,
  "pretrain": {
    "best_val_loss": 0.029210470616817474,
    "wall_time_seconds": 14.940564632415771
  },
  "downstream": {
    "f1": 19.78021978021978,
    "auc": 53.44017094017094,
    "precision": 12.32876712328767,
    "recall": 50.0,
    "threshold": 0.51,
    "n_test": 148,
    "n_anomalous": 18,
    "anomaly_rate": 0.12162162162162163
  }
}