{
  "description": "Zero-shot transfer: FD001 pretrained encoder, new probe on target domain",
  "target_domains": [
    "FD002",
    "FD003",
    "FD004"
  ],
  "baselines": {
    "V2_FD001_frozen": 17.81,
    "V14_FD003_cross_sensor": 17.75
  },
  "V2_full_seq": {
    "FD002": {
      "val_rmse": 9.371374924977621,
      "test_rmse_mean": 27.682045618693035,
      "test_rmse_std": 0.9994209856764763,
      "test_rmse_per_seed": [
        29.072664260864258,
        26.767879486083984,
        27.20559310913086
      ]
    },
    "FD003": {
      "val_rmse": 41.725783030192055,
      "test_rmse_mean": 31.450863520304363,
      "test_rmse_std": 3.255560174852343,
      "test_rmse_per_seed": [
        36.034332275390625,
        29.535783767700195,
        28.782474517822266
      ]
    },
    "FD004": {
      "val_rmse": 23.905628840128582,
      "test_rmse_mean": 38.31751251220703,
      "test_rmse_std": 0.9979610672952359,
      "test_rmse_per_seed": [
        37.101646423339844,
        38.304847717285156,
        39.546043395996094
      ]
    }
  },
  "V15_SIGReg": "SKIPPED - no checkpoint saved",
  "V16a": {
    "FD002": {
      "val_rmse": 8.331922690073648,
      "test_rmse_mean": 32.62458483378092,
      "test_rmse_std": 1.5379309297833448,
      "test_rmse_per_seed": [
        32.11656951904297,
        34.71006393432617,
        31.047121047973633
      ]
    },
    "FD003": {
      "val_rmse": 36.36674880981445,
      "test_rmse_mean": 40.02171961466471,
      "test_rmse_std": 1.2215496208643148,
      "test_rmse_per_seed": [
        41.657100677490234,
        39.68613052368164,
        38.721927642822266
      ]
    },
    "FD004": {
      "val_rmse": 44.868569691975914,
      "test_rmse_mean": 43.60473124186198,
      "test_rmse_std": 1.4615471744743322,
      "test_rmse_per_seed": [
        43.723026275634766,
        45.332672119140625,
        41.75849533081055
      ]
    }
  },
  "V16b": {
    "FD002": {
      "val_rmse": 9.563230514526367,
      "test_rmse_mean": 38.040138244628906,
      "test_rmse_std": 2.010890216099149,
      "test_rmse_per_seed": [
        40.7518196105957,
        35.94226837158203,
        37.426326751708984
      ]
    },
    "FD003": {
      "val_rmse": 37.2387269337972,
      "test_rmse_mean": 37.76328150431315,
      "test_rmse_std": 2.358350554234066,
      "test_rmse_per_seed": [
        39.16839599609375,
        39.680259704589844,
        34.44118881225586
      ]
    },
    "FD004": {
      "val_rmse": 37.38281758626302,
      "test_rmse_mean": 49.657335917154946,
      "test_rmse_std": 1.696790320401499,
      "test_rmse_per_seed": [
        49.948177337646484,
        51.574729919433594,
        47.449100494384766
      ]
    }
  }
}