{
  "description": "V16b E2E evaluation with best checkpoint per seed",
  "seeds": [
    42,
    123,
    456
  ],
  "e2e_rmse_per_seed": [
    16.60173797607422,
    14.750115394592285,
    13.832655906677246
  ],
  "val_rmse_per_seed": [
    3.094151735305786,
    2.656365156173706,
    2.5895931720733643
  ],
  "e2e_mean": 15.061503092447916,
  "e2e_std": 1.151716284665579
}