{
  "description": "Shuffle test for V16b encoder - Rule 4 validity check",
  "checkpoint_seed_used": 42,
  "probe_seeds": [
    42,
    123,
    456
  ],
  "ablations": {
    "original": {
      "val_rmse_mean": 10.24823029836019,
      "val_rmse_std": 1.4048928207226161,
      "val_rmse_per_seed": [
        9.883199691772461,
        12.122091293334961,
        8.739399909973145
      ]
    },
    "shuffled_time": {
      "val_rmse_mean": 31.0744202931722,
      "val_rmse_std": 3.2528047865372742,
      "val_rmse_per_seed": [
        35.09159851074219,
        27.124744415283203,
        31.00691795349121
      ]
    },
    "random_features": {
      "val_rmse_mean": 38.70202891031901,
      "val_rmse_std": 5.710964422832341,
      "val_rmse_per_seed": [
        46.72748947143555,
        35.47457504272461,
        33.904022216796875
      ]
    },
    "mean_pool_raw": {
      "val_rmse_mean": 11.152578274408976,
      "val_rmse_std": 11.290799317891821,
      "val_rmse_per_seed": [
        27.120149612426758,
        3.1956818103790283,
        3.1419034004211426
      ]
    }
  },
  "summary": {
    "temporal_delta": 20.82618999481201,
    "vs_random_delta": 28.453798611958817,
    "vs_mean_pool_delta": 0.9043479760487863,
    "encoder_uses_temporal_order": true,
    "encoder_beats_mean_pool": false
  }
}