{
  "description": "V15-SIGReg with checkpoint saving for verification",
  "v15_original_best": {
    "seed": 42,
    "probe": 10.21,
    "epoch": 110
  },
  "seeds": [
    42
  ],
  "seed_42": {
    "best_probe": 11.605990409851074,
    "best_epoch": 70,
    "loss_history": [
      0.054139456377894274,
      0.04878440391199262,
      0.04579854272159876,
      0.04796587870693674,
      0.04904764217488906,
      0.04882696146474165,
      0.04785418859007312,
      0.04755854360613168,
      0.0471147975617764,
      0.045831342117459165,
      0.04474320853457731,
      0.0444939936755919,
      0.04398273540185947,
      0.04447951053579648,
      0.04337154292008456,
      0.04339687153989193,
      0.04208536245951466,
      0.042235125236067116,
      0.04172863662242889,
      0.04107259521005201,
      0.04151540757394304,
      0.04105735711022919,
      0.040775680731908945,
      0.040608436815878925,
      0.039615943127987434,
      0.04028728852377218,
      0.03924769412945298,
      0.03842532852993292,
      0.03841589536736993,
      0.03800669763894642,
      0.03861115801275945,
      0.03667544646882543,
      0.03538268858603403,
      0.03563164242926766,
      0.03523615994581989,
      0.035427461427216436,
      0.03460674914659238,
      0.03419293317724677,
      0.03279237886562067,
      0.03270666737474647,
      0.03129990069597375,
      0.03159610877434413,
      0.03170406734096069,
      0.030925517748383913,
      0.03097819187769703,
      0.03037034797610021,
      0.028600791247159828,
      0.027792969427856744,
      0.029254022281543883,
      0.028603783263003123,
      0.027058995938768572,
      0.025855990810429347,
      0.02620355910092008,
      0.025751693424056556,
      0.025473020319260804,
      0.02646723376477466,
      0.024924618972867144,
      0.024102330003298963,
      0.024224994258553373,
      0.023534930123417987,
      0.024028565690797917,
      0.02376176450766769,
      0.024141646867581443,
      0.024595228681961696,
      0.02384655933754117,
      0.024068359386395007,
      0.023176991926396596,
      0.023662338787141968,
      0.022652055770158767,
      0.023567272198258663,
      0.023580856215135722,
      0.0234573095248026,
      0.02371984669829116,
      0.021341423709310737,
      0.0224696380396684,
      0.02118196865215021,
      0.020218608877530284,
      0.019774927542197937,
      0.01930918181205497,
      0.01909501669745819,
      0.024129108954586236,
      0.022037822301773462,
      0.020244043855106128,
      0.019195580177155197,
      0.0164390097061793,
      0.015735816274787866,
      0.016292744131357062,
      0.018927828979258442,
      0.017074378823824957,
      0.014090295015450786,
      0.013799195049294069,
      0.014377673711700767,
      0.014701694266176691,
      0.014542134933027567,
      0.014224673071328332,
      0.01376511824846852,
      0.01326139565118972,
      0.013057369429106807,
      0.013129942030737213,
      0.012733331025377208,
      0.013035117737656714,
      0.012473752681238978,
      0.011744998741675826,
      0.01478176644911953,
      0.012636676530773733,
      0.011087027390067485,
      0.010833461397126608,
      0.010255256513608438,
      0.01019985429066069,
      0.009960563027245156,
      0.009859988636099824,
      0.010038107119354548,
      0.010058969549980819,
      0.01008375330809869,
      0.010336977176222147,
      0.011248018724807338,
      0.012431383994864483,
      0.01363443964909689,
      0.011998960398429749,
      0.01218475330694049,
      0.016308034746085897,
      0.011878978803607764,
      0.011098419345330958,
      0.01092280938490933,
      0.01368467327134282,
      0.014291173015155045,
      0.013862987211083665,
      0.013183291504780452,
      0.01243770158320081,
      0.011178837633308243,
      0.010585903813149415,
      0.0103368542788952,
      0.0099665716633785,
      0.0109311749019167,
      0.01030136573913635,
      0.013420556398729484,
      0.013188885939033593,
      0.011986049122231848,
      0.011868019726346522,
      0.011179558636949343,
      0.011637416621487515,
      0.01134154299602789,
      0.010214214681410322,
      0.009688254776684677,
      0.00945599804175835,
      0.009012283631691745,
      0.009201729628531372,
      0.009026605585480437,
      0.00870392595363014,
      0.008946250124158813,
      0.00882205761603865,
      0.00941215346914296,
      0.008899470756889558,
      0.008743114210665226,
      0.01100963694719123,
      0.010911756306156224,
      0.010357045601396,
      0.009606735415610612,
      0.009376043194503176,
      0.009795147163026473,
      0.009810987023600176,
      0.009269192012063429,
      0.008952076029689874,
      0.009015523716807366,
      0.01071790731347659,
      0.01064399310552022,
      0.010850813203290397,
      0.00999687755663021,
      0.009392866481314687,
      0.009024480686468236,
      0.008738865818024851,
      0.008531501736564964,
      0.009354257097139078,
      0.011206459758036276,
      0.010210803216140645,
      0.009594277511624729,
      0.009436834439927457,
      0.009248407625538461,
      0.008916136058522206,
      0.008824181533327289,
      0.008519032109601825,
      0.008433880016353784,
      0.008239668917787426,
      0.008264072447576943,
      0.008023504230613801,
      0.008122068281997652,
      0.00801367651817261,
      0.008001256238157842,
      0.007977330344272594,
      0.008092225887903981,
      0.007927230438765358,
      0.007908915530013688,
      0.007974497108336757,
      0.007925537093816435,
      0.007881333593133033,
      0.00795016053150974,
      0.008045958299920256,
      0.007896190702769102,
      0.007872897189329653,
      0.007953821826434018
    ],
    "probe_history": [
      16.426225662231445,
      20.603574752807617,
      24.819108963012695,
      33.47644805908203,
      28.360795974731445,
      24.27560043334961,
      17.33314323425293,
      11.605990409851074,
      17.81277084350586,
      25.71060562133789,
      23.26009178161621,
      27.658559799194336,
      16.98362159729004,
      13.95102310180664,
      15.757476806640625,
      18.93535804748535,
      22.454240798950195,
      15.21486759185791,
      16.24592399597168,
      43.50431823730469,
      43.77649688720703
    ],
    "probe_epochs": [
      1,
      10,
      20,
      30,
      40,
      50,
      60,
      70,
      80,
      90,
      100,
      110,
      120,
      130,
      140,
      150,
      160,
      170,
      180,
      190,
      200
    ],
    "verification": {
      "epoch": 70,
      "saved_probe": 11.605990409851074,
      "verified_probe_mean": 11.128899192810058,
      "verified_probe_std": 0.7869194430825491,
      "probe_rmses": [
        11.605990409851074,
        11.348172187805176,
        11.406156539916992,
        11.707375526428223,
        9.576801300048828
      ],
      "consistent": true
    }
  }
}