{
  "dataset": "SMAP",
  "seed": 42,
  "mode": "pred_ft",
  "primary": {
    "auprc": 0.05495180958539729,
    "auroc": 0.38145251418172127,
    "f1_best": 0.13693099717540788,
    "precision_best": 0.07349754462545795,
    "recall_best": 1.0,
    "threshold_best": 0.009000403806567192,
    "prevalence": 0.07349754462545795,
    "n_cells": 128290,
    "n_positive": 9429
  },
  "per_horizon": {
    "auprc_per_k": [
      0.050328172375489096,
      0.0508911030091263,
      0.05131925081403919,
      0.05192120765447998,
      0.052889859767018085,
      0.054517404099061015,
      0.055906161084324606,
      0.05711390481510045,
      0.05956717877659601,
      0.06698402559893052
    ],
    "auroc_per_k": [
      0.36629235067912735,
      0.3697982701409605,
      0.3744224161150976,
      0.3745448800974591,
      0.37933800510923577,
      0.3876723819920165,
      0.3947627833506683,
      0.3915349147436818,
      0.38528210604622354,
      0.3919077238550923
    ],
    "horizon_labels": [
      1,
      2,
      3,
      5,
      10,
      15,
      20,
      30,
      50,
      100
    ],
    "prevalence_per_k": [
      0.069218177566451,
      0.06952997115909268,
      0.06952997115909268,
      0.07030945514069686,
      0.07085509392781979,
      0.07218021669654688,
      0.0727258554836698,
      0.07459661703951984,
      0.0783381401512199,
      0.08769194793047003
    ]
  },
  "monotonicity": {
    "violation_rate": 0.41655623976927275,
    "mean_violation": 0.01376367107246964,
    "max_violation": 0.3744640350341797,
    "n_pairs": 115461
  },
  "legacy": {
    "pa_f1": 0.23976099945681695,
    "pa_precision": 0.46600506756756754,
    "pa_recall": 0.1614011993564429,
    "pa_threshold": 0.17339593172073364,
    "non_pa_f1": 0.22680707341498155,
    "non_pa_precision": 0.12790885301566587,
    "non_pa_recall": 1.0,
    "non_pa_threshold": 0.0,
    "horizon_for_score": 100
  },
  "train": {
    "best_val": 1.0717751701394216,
    "final_epoch": 6
  },
  "surface_file": "/home/sagemaker-user/IndustrialJEPA/fam-jepa/experiments/v21/surfaces/smap_seed42_pred_ft.npz",
  "runtime_min": 0.38121554454167683
}