{
  "datasets": {
    "SMAP": {
      "per_seed": [
        {
          "dataset": "SMAP",
          "seed": 42,
          "mode": "mahal",
          "primary": {
            "auprc": 0.19037839652069957,
            "auroc": 0.6357494907848615,
            "f1_best": 0.3019963413664201,
            "precision_best": 0.20904273621911776,
            "recall_best": 0.5438075119051882,
            "threshold_best": 0.49137967824935913,
            "prevalence": 0.130655875748503,
            "n_cells": 213760,
            "n_positive": 27929
          },
          "per_horizon": {
            "auprc_per_k": [
              0.18785646349526586,
              0.1878355429798356,
              0.1879819112915472,
              0.18797865511504558,
              0.18874635909536486,
              0.18912334960940128,
              0.1895654282557406,
              0.1906249524875195,
              0.19285512496841448,
              0.19903323484148924
            ],
            "auroc_per_k": [
              0.6394375838047915,
              0.6386179305048802,
              0.6385415938048923,
              0.6379317721857676,
              0.6370748123346641,
              0.6359824408851942,
              0.634703178537736,
              0.6328580421312371,
              0.6314316828937566,
              0.6244819302995415
            ],
            "horizon_labels": [
              1,
              2,
              3,
              5,
              10,
              15,
              20,
              30,
              50,
              100
            ],
            "prevalence_per_k": [
              0.1270116017964072,
              0.12729229041916168,
              0.12747941616766467,
              0.1277133233532934,
              0.12864895209580837,
              0.12939745508982037,
              0.13033308383233533,
              0.1319236526946108,
              0.13449663173652696,
              0.1422623502994012
            ]
          },
          "monotonicity": {
            "violation_rate": 0.0,
            "mean_violation": 0.0,
            "max_violation": 0.0,
            "n_pairs": 192384
          },
          "legacy": {
            "pa_f1": 0.949237020316027,
            "pa_precision": 0.9377386091982731,
            "pa_recall": 0.96102091560626,
            "pa_threshold": 0.5898495006561275,
            "non_pa_f1": 0.22680707341498155,
            "non_pa_precision": 0.12790885301566587,
            "non_pa_recall": 1.0,
            "non_pa_threshold": 0.0,
            "horizon_for_score": 100
          },
          "cal_info": {
            "mean": 18.87453269958496,
            "std": 18.77530098961426,
            "a_per_k": [
              0.38765289730700525,
              0.3864990833220003,
              0.3870938820544667,
              0.3865629581301257,
              0.3800552803441241,
              0.37793297778614987,
              0.37524754053619114,
              0.36995020959418784,
              0.35557472435157456,
              0.33361314395549346
            ],
            "b_per_k": [
              -0.03425867102577707,
              -0.034064317958773065,
              -0.03417285463948471,
              -0.03405943381708646,
              -0.032951257044483324,
              -0.03257164698475777,
              -0.032036534614757216,
              -0.031043410631943637,
              -0.028572405513995112,
              -0.024890067407806846
            ]
          },
          "pca_k": 21,
          "n_train_windows": 13509,
          "n_test_windows": 42752,
          "n_eval_windows": 21376,
          "surface_file": "/home/sagemaker-user/IndustrialJEPA/fam-jepa/experiments/v21/surfaces/smap_seed42_mahal.npz",
          "runtime_s": 37.38990521430969
        }
      ],
      "agg": {
        "n_seeds": 1,
        "per_seed": [
          {
            "dataset": "SMAP",
            "seed": 42,
            "mode": "mahal",
            "primary": {
              "auprc": 0.19037839652069957,
              "auroc": 0.6357494907848615,
              "f1_best": 0.3019963413664201,
              "precision_best": 0.20904273621911776,
              "recall_best": 0.5438075119051882,
              "threshold_best": 0.49137967824935913,
              "prevalence": 0.130655875748503,
              "n_cells": 213760,
              "n_positive": 27929
            },
            "per_horizon": {
              "auprc_per_k": [
                0.18785646349526586,
                0.1878355429798356,
                0.1879819112915472,
                0.18797865511504558,
                0.18874635909536486,
                0.18912334960940128,
                0.1895654282557406,
                0.1906249524875195,
                0.19285512496841448,
                0.19903323484148924
              ],
              "auroc_per_k": [
                0.6394375838047915,
                0.6386179305048802,
                0.6385415938048923,
                0.6379317721857676,
                0.6370748123346641,
                0.6359824408851942,
                0.634703178537736,
                0.6328580421312371,
                0.6314316828937566,
                0.6244819302995415
              ],
              "horizon_labels": [
                1,
                2,
                3,
                5,
                10,
                15,
                20,
                30,
                50,
                100
              ],
              "prevalence_per_k": [
                0.1270116017964072,
                0.12729229041916168,
                0.12747941616766467,
                0.1277133233532934,
                0.12864895209580837,
                0.12939745508982037,
                0.13033308383233533,
                0.1319236526946108,
                0.13449663173652696,
                0.1422623502994012
              ]
            },
            "monotonicity": {
              "violation_rate": 0.0,
              "mean_violation": 0.0,
              "max_violation": 0.0,
              "n_pairs": 192384
            },
            "legacy": {
              "pa_f1": 0.949237020316027,
              "pa_precision": 0.9377386091982731,
              "pa_recall": 0.96102091560626,
              "pa_threshold": 0.5898495006561275,
              "non_pa_f1": 0.22680707341498155,
              "non_pa_precision": 0.12790885301566587,
              "non_pa_recall": 1.0,
              "non_pa_threshold": 0.0,
              "horizon_for_score": 100
            },
            "cal_info": {
              "mean": 18.87453269958496,
              "std": 18.77530098961426,
              "a_per_k": [
                0.38765289730700525,
                0.3864990833220003,
                0.3870938820544667,
                0.3865629581301257,
                0.3800552803441241,
                0.37793297778614987,
                0.37524754053619114,
                0.36995020959418784,
                0.35557472435157456,
                0.33361314395549346
              ],
              "b_per_k": [
                -0.03425867102577707,
                -0.034064317958773065,
                -0.03417285463948471,
                -0.03405943381708646,
                -0.032951257044483324,
                -0.03257164698475777,
                -0.032036534614757216,
                -0.031043410631943637,
                -0.028572405513995112,
                -0.024890067407806846
              ]
            },
            "pca_k": 21,
            "n_train_windows": 13509,
            "n_test_windows": 42752,
            "n_eval_windows": 21376,
            "surface_file": "/home/sagemaker-user/IndustrialJEPA/fam-jepa/experiments/v21/surfaces/smap_seed42_mahal.npz",
            "runtime_s": 37.38990521430969
          }
        ],
        "auprc_mean": 0.19037839652069957,
        "auprc_std": 0.0,
        "auprc_ci95_lo": NaN,
        "auprc_ci95_hi": NaN,