{
  "by_source": {
    "femto": {
      "trivial_constant_healthy": {
        "auroc": 0.5,
        "auprc": 0.6817313812858052,
        "f1_optimal": 0.8107494322482968
      },
      "trivial_rms_threshold": {
        "auroc": 0.49815499533146584,
        "auprc": 0.6809646254271617,
        "f1_optimal": 0.8107494322482968
      },
      "trivial_kurtosis_threshold": {
        "auroc": 0.7785901027077498,
        "auprc": 0.8814414442812317,
        "f1_optimal": 0.8141663350577
      },
      "isolation_forest": {
        "auroc_mean": 0.7101325863678803,
        "auroc_std": 0.0038129726916910273,
        "seeds": [
          42,
          123,
          456
        ]
      },
      "ocsvm": {
        "auroc": 0.49483099906629313,
        "auprc": 0.712213500827366,
        "f1_optimal": 0.8107494322482968
      },
      "lof": {
        "auroc": 0.47044444444444444,
        "auprc": 0.6471070051322078,
        "f1_optimal": 0.8107494322482968
      },
      "mahalanobis": {
        "auroc": 0.5607544351073762,
        "auprc": 0.7564657828759886,
        "f1_optimal": 0.8107494322482968
      },
      "pca_recon": {
        "auroc": 0.3633669467787115,
        "auprc": 0.6347217612836873,
        "f1_optimal": 0.8107494322482968
      },
      "autoencoder": {
        "auroc_mean": 0.4143778400248988,
        "auroc_std": 0.010980486409326931,
        "seeds": [
          42,
          123,
          456
        ]
      }
    },
    "mafaulda": {
      "trivial_constant_healthy": {
        "auroc": 0.5,
        "auprc": 0.9868593955321945,
        "f1_optimal": 0.9933862433862434
      },
      "trivial_rms_threshold": {
        "auroc": 0.32756324900133155,
        "auprc": 0.98207800816703,
        "f1_optimal": 0.9933862433862434
      },
      "trivial_kurtosis_threshold": {
        "auroc": 0.7400798934753662,
        "auprc": 0.9959782032040297,
        "f1_optimal": 0.9933862433862434
      },
      "isolation_forest": {
        "auroc_mean": 0.260497114957834,
        "auroc_std": 0.03762534150915672,
        "seeds": [
          42,
          123,
          456
        ]
      },
      "ocsvm": {
        "auroc": 0.35059920106524634,
        "auprc": 0.9842256380092989,
        "f1_optimal": 0.9933862433862434
      },
      "lof": {
        "auroc": 0.28015978695073235,
        "auprc": 0.9813992789857007,
        "f1_optimal": 0.9933862433862434
      },
      "mahalanobis": {
        "auroc": 0.392676431424767,
        "auprc": 0.9856175209162839,
        "f1_optimal": 0.9933862433862434
      },
      "pca_recon": {
        "auroc": 0.38189081225033283,
        "auprc": 0.9852275720359399,
        "f1_optimal": 0.9933862433862434
      },
      "autoencoder": {
        "auroc_mean": 0.0667554371948513,
        "auroc_std": 0.0006989798379060671,
        "seeds": [
          42,
          123,
          456
        ]
      }
    }
  },
  "_meta": {
    "timestamp": "2026-04-07T21:34:20.244843",
    "seeds": [
      42,
      123,
      456
    ],
    "sources": [
      "femto",
      "mafaulda"
    ]
  }
}