{
  "elapsed_time_rmse": 0.22399787954978415,
  "jepa_lstm": {
    "rmse_mean": 0.18859285642305318,
    "rmse_std": 0.0154273421382877,
    "rmse_all_seeds": [
      0.20409912779419878,
      0.17044141652654457,
      0.18122166568502113,
      0.20965714121390455,
      0.1775449308955969
    ],
    "improvement_vs_time": 15.805963519785063
  },
  "random_jepa_lstm": {
    "rmse_mean": 0.22061578578693714,
    "rmse_std": 0.007811080737440434,
    "rmse_all_seeds": [
      0.21262944755336247,
      0.212020627687079,
      0.22256638450031,
      0.23324960616947413,
      0.2226128630244601
    ]
  },
  "hc_lstm": {
    "rmse_mean": 0.1765377554398771,
    "rmse_std": 0.015706361222554307,
    "rmse_all_seeds": [
      0.19453377981802003,
      0.17700278587396426,
      0.1816912761382899,
      0.14735242257469722,
      0.18210851279441412
    ]
  },
  "jepa_vs_random_pval": 0.010068841835115137,
  "jepa_vs_hc_pval": 0.4018299241603237,
  "seeds": [
    42,
    123,
    456,
    789,
    999
  ],
  "n_train_eps": 18,
  "n_test_eps": 5
}