{
  "explained_variance_10": [
    0.47552290558815,
    0.30754560232162476,
    0.17535747587680817,
    0.016137637197971344,
    0.008596841245889664,
    0.005600980948656797,
    0.004597658757120371,
    0.0023243289906531572,
    0.0008830904262140393,
    0.0005614048568531871
  ],
  "pc_rho_with_hi": [
    -0.7969177161714857,
    0.15415755681269672,
    0.12133507749459899,
    -0.3791516746415078,
    -0.04588047491246083,
    -0.15893595458902698,
    0.017956533626268808,
    -0.09451836785496474,
    -0.06033936772482709,
    -0.03502215408124365
  ],
  "pc_rho_with_rul": [
    -0.7969177161714857,
    0.15415755681269672,
    0.12133507749459899,
    -0.3791516746415078,
    -0.04588047491246083,
    -0.15893595458902698,
    0.017956533626268808,
    -0.09451836785496474,
    -0.06033936772482709,
    -0.03502215408124365
  ],
  "pc1_explained_var": 0.47552290558815,
  "pc1_rho_hi": -0.7969177161714857,
  "pc1_rho_rul": -0.7969177161714857
}