{
  "per_engine_pred_std_mean": 16.083207736026843,
  "per_engine_pred_std_median": 12.29896334460241,
  "per_engine_pred_std_all": [
    0.013269484043121338,
    1.0064523040003035,
    9.597126966576766,
    19.27936613345106,
    22.805271785457702,
    4.200114560602018,
    0.4974571875946886,
    13.250338994238872,
    0.10475305145806242,
    3.261754241261766,
    3.8890821748664735,
    1.5344520443537326,
    11.516154821812217,
    0.5757941330268319,
    7.429850718643982,
    3.709976488422021,
    24.24778269875017,
    30.714142068294215,
    9.286219226081359,
    37.07286902160301,
    16.58825654050142,
    0.048020618013192726,
    0.25676918322686737,
    37.86579660111566,
    0.22908731463107274,
    0.5536269102640328,
    19.700996814205542,
    8.819984136789714,
    7.914253900651507,
    12.990526903217217,
    38.279756207995916,
    25.353882884196302,
    3.6955769873192947,
    38.12013152168503,
    33.50994698034733,
    29.205873980442544,
    35.60594799469403,
    19.44156905339467,
    0.01415817367431524,
    27.615883050932727,
    34.67875533974687,
    37.53953301730886,
    17.390094570951455,
    0.2919858915633016,
    10.561499430357848,
    27.977006152277486,
    0.5302061415071291,
    9.689571015859796,
    31.76695550016692,
    6.50220107348468,
    3.8747501043170574,
    27.474847450058427,
    34.3849586792699,
    3.646632607287125,
    7.425100367874387,
    37.782699588797996,
    11.740800620619524,
    32.29801844367479,
    2.5966970260401747,
    5.6459361544783855,
    35.612694330222915,
    17.64216316393238,
    12.359136976413652,
    32.75650286953384,
    0.19739467783499023,
    40.96927256021507,
    0.8197912427528712,
    42.25909934150568,
    3.2477877642474993,
    12.559263169861328,
    6.079914242015627,
    24.283303048325877,
    0.4830802248074515,
    6.326947457825094,
    10.707069432993606,
    37.02137241070703,
    34.62767037114673,
    0.24006454954618706,
    15.964034505760814,
    11.887554264134453,
    40.67177121390915,
    38.077828609615565,
    5.661232447071336,
    23.184870969124276,
    0.024912606512457084,
    16.89852379612841,
    1.9939319955308479,
    12.238789712791167,
    11.54840314658192,
    33.50110325001061,
    19.269621973013372,
    36.7378225367577,
    16.744176632852184,
    24.29255070235755,
    1.6369075841932983,
    0.14137837611151263,
    12.507568285213504,
    23.162565399972834,
    3.9061623574710254,
    36.47601236620351
  ],
  "within_engine_rho_mean": 0.6692352910111447,
  "within_engine_rho_median": 0.8411511849576147,
  "within_engine_rho_all": [
    0.0,
    0.7789473684210525,
    0.859225118303442,
    0.9438482248654869,
    0.9282732738163662,
    0.7221248316587608,
    0.22889117797808198,
    0.7154859518016412,
    -0.6125999054342569,
    0.5858471554224385,
    0.8408651795614469,
    0.1259881576697424,
    0.517241481257527,
    0.9044117647058825,
    0.9514059210896298,
    0.6330340033229054,
    0.9371207024379117,
    0.9905992683840766,
    0.8022154444762405,
    0.903952990049897,
    0.8711042159962218,
    0.8787878787878788,
    0.26917935905632556,
    0.9800332146411626,
    0.0,
    0.18265872931305246,
    0.7922525497741852,
    0.6910344742180995,
    0.6657056173138862,
    0.4122583012490704,
    0.9530257649371469,
    0.9741313610882659,
    0.9542059613361087,
    0.9761462795866841,
    0.9697890554650577,
    0.9924521354933725,
    0.9964551577454802,
    0.9173099753420944,
    0.0,
    0.9837274427920117,
    0.9966333128634903,
    0.9946987243454021,
    0.8730447635031896,
    0.964048535170181,
    0.16947944045307387,
    0.9713609114951851,
    0.0,
    0.8114971715448505,
    0.8621454091407666,
    0.9765480895915678,
    0.3512807009200574,
    0.8311880605609968,
    0.9328343441266345,
    0.6321414224548464,
    0.0,
    0.9930739238621447,
    0.19782843437780268,
    0.8511442167984014,
    0.597774540971562,
    0.49547884154592586,
    0.9889284517441153,
    0.8414371903537824,
    0.8414585029652426,
    0.9637095844747914,
    0.0,
    0.9903283943515372,
    0.8167085325338304,
    0.8896325790653611,
    0.6385078759829887,
    0.7329399754191727,
    0.6543355010874741,
    0.961939840499515,
    0.0,
    0.0,
    0.7001050150313854,
    0.9718321253172983,
    0.833954092037316,
    0.6237659856745852,
    0.9108011930053723,
    0.8324575158362838,
    0.9598874502108113,
    0.9652319905073284,
    0.0,
    0.8940205885187924,
    -0.9999999999999999,
    0.8992789046597247,
    0.8362636650467122,
    0.7643432104940532,
    0.0,
    0.9484951707019487,
    0.8543077862902384,
    0.8942325373632506,
    0.6778518302051931,
    0.9681120966614254,
    0.0,
    0.0,
    0.8621830551770059,
    0.9779402099525651,
    0.5593391574528105,
    0.9498626648420943
  ],
  "constant_predictor_rmse": 43.288482666015625,
  "constant_predictor_value": 87.64530762687836,
  "v11_reported_rmse": 13.8,
  "reconstructed_test_rmse_seed0": 13.983315467834473,
  "n_test_engines": 100,
  "trajectory_verdict": "TRACKING: model shows within-engine degradation tracking",
  "note": "Complete verdict requires engine_summary_regressor.json (Phase 0.2b)",
  "wall_time_s": 210.5681381225586
}