{
  "pretrain_best_probe": 17.789710998535156,
  "pretrain_history": {
    "loss": [
      0.031208723794449778,
      0.009993820067714243,
      0.009935377194162678,
      0.009926650471547071,
      0.009930863809936187,
      0.009945400383542566,
      0.00996912106871605,
      0.009990916368277633,
      0.029400309230036597,
      0.150539354103453,
      0.16609637854072978,
      0.20647604866501162,
      0.11715783588807373,
      0.19088381307309166,
      0.15367286395938956,
      0.15452013998128036,
      0.2090813741066,
      0.18806503619122156,
      0.17890386979807826,
      0.16294448131585823,
      0.1904627530079554,
      0.17003915064036845,
      0.10917557514984819,
      0.15928626287728548,
      0.14001448786872275,
      0.11700075820964925,
      0.12650470317286602,
      0.11729870813296121,
      0.11945775113780709,
      0.11497946156736683,
      0.12250204558539039,
      0.10546481034115833,
      0.1058491245262763,
      0.09679083847385996,
      0.10075396509512383,
      0.10936070959795924,
      0.09631655242294074,
      0.0882512657103293,
      0.09442443181048421,
      0.09526254850275376,
      0.1106868665336686,
      0.10704515060300336,
      0.09914631092592198,
      0.09147052815293565,
      0.0814084822158603,
      0.0792918460312135,
      0.07506868886158746,
      0.08133162700516336,
      0.0804348077800344,
      0.07192544407046893,
      0.07194880665225141,
      0.0716826803061892,
      0.06860068130799953,
      0.07338163315154174,
      0.06770044375868405,
      0.07124927355086103,
      0.06842022463679313,
      0.06502060220960308,
      0.07077768924262594,
      0.06737504121354397,
      0.07710431352695998,
      0.06927786850315683,
      0.06433851133155472,
      0.06634426747613094,
      0.0610057237590937,
      0.06566078699906083,
      0.07237973421154653,
      0.06764932020841276,
      0.06828146384919391,
      0.06617132028016974,
      0.06640517723910949,
      0.06689462408204289,
      0.06663916957290733,
      0.06568966869922245,
      0.06536282244850608,
      0.0664690550372881,
      0.06698313284227077,
      0.06225743045263431,
      0.057537554002860015,
      0.05819841188981253,
      0.056873322087613976,
      0.05678263441385592,
      0.05660816591013881,
      0.05950390550581848,
      0.061110250739490286,
      0.05968977276674088,
      0.05833128713071346,
      0.056915863561717905,
      0.061602191848351674,
      0.059848326801815455
    ],
    "probe_rmse": [
      39.25790023803711,
      39.68349075317383,
      26.954090118408203,
      21.22687530517578,
      21.325393676757812,
      22.68538475036621,
      20.469743728637695,
      17.90485954284668,
      17.789710998535156,
      18.98407745361328,
      19.530494689941406,
      18.15097999572754,
      19.04203987121582,
      18.562612533569336,
      19.737552642822266,
      17.80901336669922,
      18.205028533935547,
      18.710304260253906,
      18.16160774230957
    ],
    "probe_epochs": [
      1,
      5,
      10,
      15,
      20,
      25,
      30,
      35,
      40,
      45,
      50,
      55,
      60,
      65,
      70,
      75,
      80,
      85,
      90
    ]
  },
  "seeds_100": [
    42,
    123,
    456
  ],
  "frozen_100": [
    {
      "seed": 42,
      "test_rmse": 15.256843566894531,
      "val_rmse": 25.84943199157715
    },
    {
      "seed": 123,
      "test_rmse": 14.72592830657959,
      "val_rmse": 25.06385612487793
    },
    {
      "seed": 456,
      "test_rmse": 14.961082458496094,
      "val_rmse": 26.24203872680664
    }
  ],
  "e2e_100": [
    {
      "seed": 42,
      "test_rmse": 15.152999877929688,
      "val_rmse": 5.613087177276611
    },
    {
      "seed": 123,
      "test_rmse": 14.731382369995117,
      "val_rmse": 6.578193664550781
    },
    {
      "seed": 456,
      "test_rmse": 13.173330307006836,
      "val_rmse": 5.93899393081665
    }
  ],
  "frozen_100_mean": 14.981284777323404,
  "frozen_100_std": 0.21721549004513277,
  "e2e_100_mean": 14.35257085164388,
  "e2e_100_std": 0.8514288098391408,
  "frozen_20": [
    {
      "seed": 42,
      "test_rmse": 19.780914306640625,
      "val_rmse": 33.77085494995117
    },
    {
      "seed": 123,
      "test_rmse": 18.77411460876465,
      "val_rmse": 44.0297737121582
    },
    {
      "seed": 456,
      "test_rmse": 20.472579956054688,
      "val_rmse": 23.1335506439209
    },
    {
      "seed": 789,
      "test_rmse": 20.70857048034668,
      "val_rmse": 39.963134765625
    },
    {
      "seed": 1024,
      "test_rmse": 45.3428840637207,
      "val_rmse": 30.810840606689453
    }
  ],
  "frozen_20_mean": 25.01581268310547,
  "frozen_20_std": 10.185735965369833,
  "frozen_10": [
    {
      "seed": 42,
      "test_rmse": 19.438743591308594,
      "val_rmse": 42.600311279296875
    },
    {
      "seed": 123,
      "test_rmse": 19.299467086791992,
      "val_rmse": 39.29066467285156
    },
    {
      "seed": 456,
      "test_rmse": 18.993654251098633,
      "val_rmse": 43.049068450927734
    },
    {
      "seed": 789,
      "test_rmse": 24.66563606262207,
      "val_rmse": 44.94928741455078
    },
    {
      "seed": 1024,
      "test_rmse": 27.862751007080078,
      "val_rmse": 38.855201721191406
    }
  ],
  "frozen_10_mean": 22.052050399780274,
  "frozen_10_std": 3.5876160869608995,
  "frozen_5": [
    {
      "seed": 42,
      "test_rmse": 39.936676025390625,
      "val_rmse": 16.375747680664062
    },
    {
      "seed": 123,
      "test_rmse": 30.045278549194336,
      "val_rmse": 32.88508224487305
    },
    {
      "seed": 456,
      "test_rmse": 19.901142120361328,
      "val_rmse": 16.652973175048828
    },
    {
      "seed": 789,
      "test_rmse": 19.906259536743164,
      "val_rmse": 47.27738571166992
    },
    {
      "seed": 1024,
      "test_rmse": 27.208614349365234,
      "val_rmse": 46.72843933105469
    }
  ],
  "frozen_5_mean": 27.399594116210938,
  "frozen_5_std": 7.437625799160163,
  "wall_time_s": 1732.5519199371338,
  "v2_baselines": {
    "frozen_100": [
      17.81,
      1.7
    ],
    "e2e_100": [
      14.23,
      0.39
    ],
    "frozen_20": [
      19.83,
      0.3
    ],
    "frozen_10": [
      19.93,
      0.9
    ],
    "frozen_5": [
      21.53,
      2.0
    ]
  },
  "verdict": "POSITIVE - cross-sensor improves frozen@100%"
}