{
  "pretrain_best_probe": 14.103026390075684,
  "pretrain_history": {
    "loss": [
      0.03157756053495641,
      0.02809451791147391,
      0.054539326985969264,
      0.07164093661542033,
      0.07898900123641771,
      0.07849568823242889,
      0.05391126746932665,
      0.05492870945556491,
      0.05958172141044748,
      0.0531978835676815,
      0.045967055274283186,
      0.047281619081748466,
      0.03745699407131064,
      0.03967311410781215,
      0.04431398065943344,
      0.04001086352210419,
      0.03721056594275961,
      0.03616970470576894,
      0.036587170521710434,
      0.03437763706872276,
      0.03378137199025528,
      0.029511417950339177,
      0.03370965497677817,
      0.029444309001167616,
      0.030853089489334937,
      0.03234943963514239,
      0.03407043167627325,
      0.031268123277992596,
      0.032435269791121574,
      0.03016144683986318,
      0.03585746778430892,
      0.03361512118037425,
      0.032716831900909835,
      0.033914613414044475,
      0.03447819983696236,
      0.032055086730157625,
      0.03931739682076024,
      0.03853322316837662,
      0.03578817023512195,
      0.03234489576927587,
      0.03363340600740676,
      0.03147628669499182,
      0.028295511716575013,
      0.028605044160549545,
      0.025263112800232336,
      0.024034514352679254,
      0.02804322682248027,
      0.02468996545555545,
      0.0277661111424951,
      0.02505948487961409,
      0.024111705004584556,
      0.023829097167095716,
      0.025325539989360407,
      0.02730581552155462,
      0.025972171577752806,
      0.028014865339386696,
      0.028547727696451485,
      0.033491768460063374,
      0.03621114119741262,
      0.036470892534536475,
      0.03331472528915779,
      0.040219755533571336,
      0.04361118856452259,
      0.0404565619019901,
      0.041831624021424964,
      0.05027169678871538,
      0.04279434931190575,
      0.04652064969142278,
      0.04373843067124778,
      0.04344304932683122,
      0.0450692715320517,
      0.04604008365495532,
      0.03947792952405471,
      0.038105773731481794,
      0.04159494350938236,
      0.04169900974514438,
      0.03749073838778571,
      0.03675412959473975,
      0.03810348629367118,
      0.03845272872670024,
      0.03623971888978107,
      0.03976266504794944,
      0.036200135896603265,
      0.036974824218481195,
      0.03678664943605077,
      0.03599376344359389,
      0.036630230297644936,
      0.03472765820137426,
      0.033977290538011816,
      0.038407923656643604,
      0.03616291628748763,
      0.03421290725469589,
      0.0304300954850281,
      0.03147143932826379,
      0.030081180177775085,
      0.029537302707048022,
      0.029347943007653834,
      0.03145900962107322,
      0.028581850131352744,
      0.02863415587328228
    ],
    "pred_loss": [
      0.024680274647532724,
      0.023129005554479127,
      0.05083426798529485,
      0.06825080551937515,
      0.0753846361429668,
      0.07487809272519513,
      0.05001314819553027,
      0.05106007729383076,
      0.0556779007971579,
      0.04957341127681966,
      0.04230911161093151,
      0.04373360505400627,
      0.03366163343373759,
      0.035715242150951836,
      0.040455123538187907,
      0.03627228420958215,
      0.03352726913331186,
      0.03259327325056873,
      0.03312315466065033,
      0.030933786551741994,
      0.03014435493222931,
      0.02597769077757702,
      0.030080374210853786,
      0.025904346053652903,
      0.027288802022516143,
      0.028849806819914604,
      0.030542115619880895,
      0.027767323411124593,
      0.029081338614079296,
      0.026787689209860913,
      0.032561543717542114,
      0.030212300060791713,
      0.02924431121013328,
      0.030398573432775106,
      0.031175391611223128,
      0.028817880636482846,
      0.036133606370319336,
      0.03536509016784383,
      0.03264714897117194,
      0.02924179374660347,
      0.030450671999623962,
      0.028208577499231873,
      0.025054799517726198,
      0.02532581241472679,
      0.02188536722651299,
      0.020670563513595683,
      0.024815961410309756,
      0.021447685203861956,
      0.024538484052846244,
      0.021792432336392355,
      0.020874953956945854,
      0.020603299426535767,
      0.022127452234865404,
      0.024149422115262817,
      0.02285584900820372,
      0.024886279215707498,
      0.025430076868072443,
      0.03045919235065287,
      0.03326647040452443,
      0.03350222189052432,
      0.030303651617438185,
      0.03724700455572091,
      0.04057234367538316,
      0.03741643001928049,
      0.0387306088786207,
      0.04727822546573246,
      0.039683549072520405,
      0.04330725790969297,
      0.04049271349740379,
      0.04039116481209502,
      0.04221274195348515,
      0.043175090928288064,
      0.03653098939388406,
      0.03515388391619804,
      0.03869340363670798,
      0.03884013238198617,
      0.03458824543976316,
      0.03386903931843299,
      0.03524655759371087,
      0.0356019562365962,
      0.033455659576198636,
      0.03696315388176955,
      0.03340314788634286,
      0.03426337183909673,
      0.034050589091345375,
      0.03324705579555502,
      0.03388582541369924,
      0.031969707830279484,
      0.031199579630412307,
      0.03565251761499573,
      0.033425500046680955,
      0.03137000228040943,
      0.027555625001151187,
      0.028611639500686934,
      0.027205681039714345,
      0.026693471594549278,
      0.02652758259107085,
      0.028601191068689028,
      0.02567663990910731,
      0.025774260697995915
    ],