{
  "pretrain_best_probe": 15.915790557861328,
  "pretrain_history": {
    "loss": [
      0.03178781137235609,
      0.018761889388163883,
      0.030050019894306567,
      0.04253627133427882,
      0.07407374750165378,
      0.07006048303097487,
      0.058072834998077034,
      0.04247515356862078,
      0.025346774003815416,
      0.028675294499479087,
      0.022817903822835755,
      0.024649392765964947,
      0.02104199749654999,
      0.024955606035449926,
      0.023475353546148423,
      0.02112602667773471,
      0.02307504607912372,
      0.023056743017160423,
      0.02318605747585203,
      0.022896911503345357,
      0.02213465263373127,
      0.024384782274856288,
      0.02338697720976437,
      0.021231902977269068,
      0.02505755114423878,
      0.02459739267899125,
      0.021853703386058996,
      0.024408932324571937,
      0.02748743443585494,
      0.0306699728396009,
      0.02951164909437591,
      0.02677139795440085,
      0.027781692510288135,
      0.02314544292568576,
      0.026158853707214196,
      0.0242280843459508,
      0.027083455427166295,
      0.029453023403298622,
      0.03132783240036053,
      0.029394151264545965,
      0.027778801558648838,
      0.029075290826605815,
      0.03257730386566882,
      0.03513592109668488,
      0.02955324725047046,
      0.032100992738908415,
      0.031682610907683185,
      0.03419051430973352,
      0.03646676152214116,
      0.03389424077436036,
      0.03311860818635015,
      0.032634635459558636,
      0.03304526666654091,
      0.028825665493221846,
      0.027808051744074212,
      0.0262577052217196,
      0.024306663052708496,
      0.025731430887883783,
      0.02460657701772802,
      0.024683765790187846,
      0.023811611184740768,
      0.024329560037483187,
      0.022250274206493417,
      0.0243154621964284,
      0.022834983746356823,
      0.023435819513511424,
      0.022491326086661396,
      0.022142951055338568,
      0.020578198827364867,
      0.020891177126151673,
      0.021625362108735478,
      0.020746186469845912,
      0.019699602803471043,
      0.019484745785593987,
      0.019738598170087617,
      0.01947062031676372,
      0.019219798649496894,
      0.019130273431393445,
      0.01910721534534412,
      0.018857896887496405,
      0.018905233073176122,
      0.018567014704732335,
      0.018187684478128657,
      0.01868575699992624,
      0.017557739158179247,
      0.018648899449583364,
      0.01779617097009631,
      0.01771965711797569,
      0.018110304601928768,
      0.017685436074640237,
      0.01788710637785056,
      0.016578499448357844,
      0.017356943884754884,
      0.016968711589773495,
      0.01826939788080898,
      0.016847825313315672,
      0.016681473657634914,
      0.017673014720134876,
      0.016815878903748943,
      0.01709302816174778,
      0.01748923474447984,
      0.018016894825679416,
      0.01720059988253257,
      0.017558819917487162,
      0.017373588557775113,
      0.016610879705232732,
      0.0170652469700458,
      0.01717474074413379,
      0.017011422490810647,
      0.01676887092490991,
      0.016528411085406938,
      0.016362051430578325,
      0.017054759131781026,
      0.017050772619013693,
      0.016950938844797658,
      0.01712831341679774,
      0.01671898762750275,
      0.016558951343975815,
      0.01697134769941662,
      0.016433803831391473
    ],
    "probe_rmse": [
      27.490970611572266,
      24.229633331298828,
      22.281402587890625,
      19.703584671020508,
      17.475936889648438,
      17.57645606994629,
      17.937496185302734,
      17.427078247070312,
      18.144458770751953,
      18.029024124145508,
      19.04134178161621,
      18.00551414489746,
      18.564966201782227,
      17.71856689453125,
      17.64398193359375,
      16.253564834594727,
      16.19115447998047,
      15.915790557861328,
      16.565385818481445,
      16.7275333404541,
      16.537036895751953,
      17.258289337158203,
      16.938812255859375,
      16.90792465209961,
      16.837791442871094
    ],
    "probe_epochs": [
      1,
      5,
      10,
      15,
      20,
      25,
      30,
      35,
      40,
      45,
      50,
      55,
      60,
      65,
      70,
      75,
      80,
      85,
      90,
      95,
      100,
      105,
      110,
      115,
      120
    ]
  },
  "frozen": [
    {
      "seed": 42,
      "test_rmse": 18.926597595214844,
      "val_rmse": 22.908769607543945
    },
    {
      "seed": 123,
      "test_rmse": 17.856800079345703,
      "val_rmse": 22.720317840576172
    },
    {
      "seed": 456,
      "test_rmse": 18.397951126098633,
      "val_rmse": 18.638111114501953
    }
  ],
  "e2e": [
    {
      "seed": 42,
      "test_rmse": 13.276352882385254,
      "val_rmse": 7.988924980163574
    },
    {
      "seed": 123,
      "test_rmse": 13.923868179321289,
      "val_rmse": 10.37228775024414
    },
    {
      "seed": 456,
      "test_rmse": 13.797690391540527,
      "val_rmse": 6.787718772888184
    }
  ],
  "frozen_mean": 18.39378293355306,
  "frozen_std": 0.43675295199290015,
  "e2e_mean": 13.66597048441569,
  "e2e_std": 0.28027559697706145,
  "v2_fd003": {
    "frozen_mean": 19.25,
    "frozen_std": 3.2,
    "e2e_mean": 15.37,
    "e2e_std": 0.9
  },
  "cross_sensor_fd003_frozen": 24.49,
  "wall_time_s": 818.5136935710907
}