{
  "pretrain_best_probe": 22.085779190063477,
  "pretrain_history": {
    "loss": [
      0.03194744310177424,
      0.010284361532505821,
      0.01568734312101322,
      0.06741126141565687,
      0.04306916915756814,
      0.0341633953197914,
      0.05115026945576948,
      0.08620066134587807,
      0.09434682399911039,
      0.08813555684159784,
      0.08226550464463585,
      0.07951796782586504,
      0.08204673050300164,
      0.08232143998365192,
      0.09376927608076265,
      0.09114730030079099,
      0.09420450628242072,
      0.08499361810219638,
      0.09032957912148798,
      0.0897865644272636,
      0.07832975965212373,
      0.0910169063157895,
      0.09232183697688229,
      0.08485754985581426,
      0.08299853611518355,
      0.07811748253291144,
      0.07148428932051448,
      0.07317730454837575,
      0.07053512886604842,
      0.07287391038721099,
      0.06265940859475556,
      0.07203569529030253,
      0.06990041772889741,
      0.06617267679203959,
      0.06466999328969156,
      0.06287952556110481,
      0.06592980644063037,
      0.06055337321889751,
      0.06665057939203346,
      0.06110563304494409,
      0.06179121409926344,
      0.0607243781558731,
      0.06073798075756606,
      0.06030165472013109,
      0.05860123334562077
    ],
    "probe_rmse": [
      37.01387405395508,
      22.085779190063477,
      22.332624435424805,
      22.37055206298828,
      36.99497985839844,
      39.68754577636719,
      33.74336624145508,
      36.416717529296875,
      35.92851638793945,
      36.2463493347168
    ],
    "probe_epochs": [
      1,
      5,
      10,
      15,
      20,
      25,
      30,
      35,
      40,
      45
    ]
  },
  "frozen_100": [
    {
      "seed": 42,
      "test_rmse": 24.643047332763672,
      "val_rmse": 17.4967098236084
    },
    {
      "seed": 123,
      "test_rmse": 24.473745346069336,
      "val_rmse": 19.09701156616211
    },
    {
      "seed": 456,
      "test_rmse": 24.35087776184082,
      "val_rmse": 15.707362174987793
    }
  ],
  "frozen_100_mean": 24.48922348022461,
  "frozen_100_std": 0.11977880731027304,
  "wall_time_s": 1029.33123254776,
  "v2_fd003_frozen": 19.25
}