{
  "pretrain_best_probe": 14.71654224395752,
  "pretrain_history": {
    "loss": [
      0.02153674648582654,
      0.028807404831215834,
      0.028376362683930956,
      0.013924099851704244,
      0.01943995429074052,
      0.017516686113070955,
      0.02310128669523921,
      0.022491827315750456,
      0.01870651175560863,
      0.02060599498649907,
      0.022831795219648277,
      0.021220913214855038,
      0.019446816616955232,
      0.022679360728101724,
      0.026541120703654282,
      0.02171027789729993,
      0.023254486613865918,
      0.023398081817131183,
      0.023497636262151712,
      0.02214305473421261,
      0.02168993757768247,
      0.021953905098515112,
      0.02057073124473528,
      0.024392430607006892,
      0.02213610089413306,
      0.01932683094029766,
      0.02074956630719767,
      0.021359706649252172,
      0.0234856997654662,
      0.020958800786379843,
      0.022891915338289624,
      0.021665536863553637,
      0.02117493883999498,
      0.02178467954538247,
      0.02176561332981354,
      0.020567775482557855,
      0.02052285233688242,
      0.020581869155449687,
      0.02022109347536176,
      0.019892363277492376,
      0.019523902439201872,
      0.020345200342272624,
      0.018380152656105143,
      0.01880099233005594,
      0.018206198360337496,
      0.019837602083249098,
      0.02053227063953736,
      0.021456449408283305,
      0.021395933664690867,
      0.021416905323488625,
      0.020662432786299843,
      0.025237270952173093,
      0.026427407167945643,
      0.02619000981099107,
      0.02403342117373861,
      0.024178983804143076,
      0.023457155788739054,
      0.025687826688126105,
      0.02567672979484939,
      0.026998948857609957,
      0.03010865702241097,
      0.03305281139090189,
      0.029656024267838435,
      0.03257794134998284,
      0.03866798729993075,
      0.04152218321010283,
      0.04356106981611664,
      0.04978224782320032,
      0.04792038872193709,
      0.04598150353808448,
      0.0361595462749964,
      0.032175194089002206,
      0.03256157635500268,
      0.033637636858946496,
      0.032902586902931054,
      0.032387119099942956,
      0.03143158632143161,
      0.02966267008703413,
      0.029109771673585166,
      0.029475563699262415,
      0.029235738943149365,
      0.028907976731798558,
      0.02959897474637665,
      0.029824124292452944,
      0.029371973366986187,
      0.029209738059273963,
      0.028701145643860383,
      0.028693855238152936,
      0.028190492006288197,
      0.02838518732994701
    ],
    "probe_rmse": [
      28.860687255859375,
      26.350570678710938,
      24.90595054626465,
      22.438152313232422,
      20.98239517211914,
      16.994400024414062,
      18.176179885864258,
      15.826708793640137,
      15.868184089660645,
      16.685333251953125,
      14.71654224395752,
      17.877883911132812,
      19.916763305664062,
      20.24770736694336,
      20.31342124938965,
      19.86871337890625,
      18.943199157714844,
      17.752214431762695,
      18.537721633911133
    ],
    "probe_epochs": [
      1,
      5,
      10,
      15,
      20,
      25,
      30,
      35,
      40,
      45,
      50,
      55,
      60,
      65,
      70,
      75,
      80,
      85,
      90
    ]
  },
  "frozen": [
    {
      "seed": 42,
      "test_rmse": 27.52606773376465,
      "val_rmse": 17.219369888305664
    },
    {
      "seed": 123,
      "test_rmse": 28.79216957092285,
      "val_rmse": 20.182817459106445
    },
    {
      "seed": 456,
      "test_rmse": 27.918636322021484,
      "val_rmse": 17.057353973388672
    }
  ],
  "e2e": [
    {
      "seed": 42,
      "test_rmse": 25.299560546875,
      "val_rmse": 6.416482925415039
    },
    {
      "seed": 123,
      "test_rmse": 25.463237762451172,
      "val_rmse": 13.254697799682617
    },
    {
      "seed": 456,
      "test_rmse": 25.051095962524414,
      "val_rmse": 9.27310848236084
    }
  ],
  "frozen_mean": 28.07895787556966,
  "frozen_std": 0.5291696110655638,
  "e2e_mean": 25.271298090616863,
  "e2e_std": 0.16943885944891604,
  "v2_fd004": {
    "frozen_mean": 29.35,
    "e2e_mean": 25.62
  },
  "star_fd004": 14.25,
  "wall_time_s": 1480.2679288387299
}