{
  "anomaly_detection": {
    "source": {
      "n_total": 1128,
      "n_normal": 471,
      "n_anomaly": 657,
      "roc_auc": 0.5334241404828614,
      "pr_auc": 0.6440315871063957,
      "normal_mean": 0.6269698143005371,
      "normal_std": 0.10411897301673889,
      "anomaly_mean": 2.1753623485565186,
      "anomaly_std": 18.74728775024414,
      "separation": 1.5483925342559814
    },
    "target": {
      "n_total": 8346,
      "n_normal": 1399,
      "n_anomaly": 6947,
      "roc_auc": 0.4945592345104921,
      "pr_auc": 0.8318069419653371,
      "normal_mean": 1.220923662185669,
      "normal_std": 1.2769393920898438,
      "anomaly_mean": 1.2251312732696533,
      "anomaly_std": 1.2783406972885132,
      "separation": 0.004207611083984375
    }
  },
  "forecasting": {
    "source_mse": 0.9466966092586517,
    "target_mse": 0.851548062481043,
    "transfer_ratio": 0.899494150663412
  }
}