{
  "anomaly_detection": {
    "source": {
      "n_total": 1128,
      "n_normal": 471,
      "n_anomaly": 657,
      "roc_auc": 0.511085904856082,
      "pr_auc": 0.5902108431583915,
      "normal_mean": 0.8491637110710144,
      "normal_std": 0.19651339948177338,
      "anomaly_mean": 0.8732183575630188,
      "anomaly_std": 0.17869150638580322,
      "separation": 0.024054646492004395
    },
    "target": {
      "n_total": 8346,
      "n_normal": 1399,
      "n_anomaly": 6947,
      "roc_auc": 0.48883397042840343,
      "pr_auc": 0.8291059566105697,
      "normal_mean": 1.0318413972854614,
      "normal_std": 0.07069863379001617,
      "anomaly_mean": 1.0292140245437622,
      "anomaly_std": 0.0729084461927414,
      "separation": -0.0026273727416992188
    }
  },
  "forecasting": {
    "source_mse": 0.7931324707137214,
    "target_mse": 0.9032497952002605,
    "transfer_ratio": 1.1388385024603105
  }
}