{
  "anomaly_detection": {
    "source": {
      "n_total": 1128,
      "n_normal": 471,
      "n_anomaly": 657,
      "roc_auc": 0.44202561343299496,
      "pr_auc": 0.5349885162109007,
      "normal_mean": 1134.7467041015625,
      "normal_std": 0.8457090854644775,
      "anomaly_mean": 1134.5535888671875,
      "anomaly_std": 1.3709603548049927,
      "separation": -0.193115234375
    },
    "target": {
      "n_total": 8346,
      "n_normal": 1399,
      "n_anomaly": 6947,
      "roc_auc": 0.5065756730758249,
      "pr_auc": 0.8345469683174032,
      "normal_mean": 88.4494400024414,
      "normal_std": 85.4129409790039,
      "anomaly_mean": 88.514404296875,
      "anomaly_std": 87.09394073486328,
      "separation": 0.06496429443359375
    }
  },
  "forecasting": {
    "source_mse": 555.642835828993,
    "target_mse": 15.30119557417076,
    "transfer_ratio": 0.027537825717382093
  }
}