{
  "results": {
    "aursad": {
      "held_out": "aursad",
      "train_sources": [
        "voraus"
      ],
      "forecast_history": {
        "train_loss": [
          0.7244206926401924,
          0.6536795766914592,
          0.5924206814345192,
          0.5560018323800143,
          0.5331822051721461,
          0.5150351957363241,
          0.5028990096905652,
          0.4949367051615435,
          0.4873897713773391,
          0.48220648993464077,
          0.47817006637068354,
          0.4756751116584329,
          0.47347119450569153,
          0.4726207401822595,
          0.4719530031961553
        ],
        "val_loss": [
          0.6763270639237904,
          0.6259168670290992,
          0.5657346958205813,
          0.5363683232239315,
          0.5162912507851919,
          0.5027558349427723,
          0.4936837837809608,
          0.4886103442737034,
          0.48167461298760916,
          0.4773683221567245,
          0.4747262511934553,
          0.4736748252596174,
          0.4724384191490355,
          0.4720729759761265,
          0.4715248488244556
        ]
      },
      "forecasting": {
        "source_mses": {
          "voraus": 0.48294413180751655
        },
        "target_mse": 0.8271846307648553,
        "avg_source_mse": 0.48294413180751655,
        "transfer_ratio": 1.7127956968209732
      },
      "anomaly": {
        "target": {
          "n_total": 1128,
          "n_normal": 471,
          "n_anomaly": 657,
          "roc_auc": 0.5213719958506626,
          "pr_auc": 0.6075695631423157
        }
      }
    },
    "voraus": {
      "held_out": "voraus",
      "train_sources": [
        "aursad"
      ],
      "forecast_history": {
        "train_loss": [
          0.8338159050857812,
          0.7682982745923495,
          0.7486255315312168,
          0.7419993208165754,
          0.7370805081568266,
          0.7348137895266215,
          0.7307354766025878,
          0.7285819011822081,
          0.7282717008339731,
          0.7255015195461741,
          0.7242841291845891,
          0.7242003313282079,
          0.7240300178527832,
          0.7237925153029593,
          0.7228878203191256
        ],
        "val_loss": [
          0.824640949567159,
          0.7916728357474009,
          0.7816043297449747,
          0.7758928537368774,
          0.7726198732852936,
          0.7699384888013204,
          0.7680301666259766,
          0.7666875422000885,
          0.7654766539732615,
          0.7642022470633189,
          0.7635626892248789,
          0.7631238798300425,
          0.7627374132474264,
          0.7625304659207662,
          0.7624685764312744
        ]
      },
      "forecasting": {
        "source_mses": {
          "aursad": 0.7353774242930942
        },
        "target_mse": 0.7315986238363135,
        "avg_source_mse": 0.7353774242930942,
        "transfer_ratio": 0.9948614135654039
      },
      "anomaly": {
        "target": {
          "n_total": 8346,
          "n_normal": 1399,
          "n_anomaly": 6947,
          "roc_auc": 0.49555508247732527,
          "pr_auc": 0.829634048053597
        }
      }
    }
  },
  "one_to_one": {
    "aursad": {
      "transfer_ratio": 1.7023571961538198,
      "source": "voraus",
      "auc": 0.5203346615090791
    },
    "voraus": {
      "transfer_ratio": 0.9848154836486132,
      "source": "aursad",
      "auc": 0.49545784878112675
    }
  },
  "many_to_one": {
    "aursad": {
      "transfer_ratio": 1.7127956968209732,
      "target_mse": 0.8271846307648553,
      "auc": 0.5213719958506626
    },
    "voraus": {
      "transfer_ratio": 0.9948614135654039,
      "target_mse": 0.7315986238363135,
      "auc": 0.49555508247732527
    }
  }
}