{
  "PSM": {
    "pooled_auprc": 0.45551800304260204,
    "mean_h_auroc": 0.5643189082425993,
    "variant": "baseline"
  },
  "SMD": {
    "pooled_auprc": 0.15316461576329798,
    "mean_h_auroc": 0.5910100532675548,
    "variant": "baseline"
  }
}