{
  "PSM": {
    "s123": {
      "mean_h_auroc": 0.5376186448865934,
      "pooled_auprc": 0.44831644789423536
    },
    "s456": {
      "mean_h_auroc": 0.5708252942811698,
      "pooled_auprc": 0.43799356183782384
    }
  }
}