{
  "FD001": {
    "seeds": [
      42,
      123,
      456
    ],
    "mlp_mean": 0.7138516673038535,
    "mlp_std": 0.027704421494798896,
    "xpred_mean": 0.7037818757824154,
    "xpred_std": 0.029092880903398878,
    "delta_mean": -0.010069791521438201,
    "t_stat": -1.0279232710141177,
    "p_value": 0.41205117227359445,
    "verdict": "no significant difference"
  },
  "FD003": {
    "seeds": [
      42,
      123,
      456
    ],
    "mlp_mean": 0.8072796964730674,
    "mlp_std": 0.015005550070768743,
    "xpred_mean": 0.8116892735081801,
    "xpred_std": 0.01860715278550159,
    "delta_mean": 0.004409577035112762,
    "t_stat": 0.235702631530858,
    "p_value": 0.8356007608292764,
    "verdict": "no significant difference"
  },
  "MBA": {
    "seeds": [
      42,
      123,
      456
    ],
    "mlp_mean": 0.746219061755922,
    "mlp_std": 0.005925863491772883,
    "xpred_mean": 0.7776634238939965,
    "xpred_std": 0.06716426774137542,
    "delta_mean": 0.03144436213807459,
    "t_stat": 0.7504479330202155,
    "p_value": 0.5312603599829271,
    "verdict": "no significant difference"
  }
}