{
  "config": "v18_phase8b_chronos2_plus_large",
  "models": [
    {
      "model": "chronos-2",
      "hf_id": "amazon/chronos-2",
      "approach": "multivariate_native",
      "n_params": 119477664,
      "feat_dim": 10752,
      "per_seed": [
        {
          "seed": 42,
          "val_rmse": 13.226065635681152,
          "test_rmse": 15.652397225694981,
          "f1_by_k": {
            "10": {
              "f1": 0.7368421052631579,
              "auc_pr": 0.8537229437229438
            },
            "20": {
              "f1": 0.7272727272727273,
              "auc_pr": 0.8245560010066737
            },
            "30": {
              "f1": 0.9056603773584906,
              "auc_pr": 0.9682149756411248
            },
            "50": {
              "f1": 0.9117647058823529,
              "auc_pr": 0.9728837693041407
            }
          }
        },
        {
          "seed": 123,
          "val_rmse": 12.843962669372559,
          "test_rmse": 16.70783962213692,
          "f1_by_k": {
            "10": {
              "f1": 0.6666666666666666,
              "auc_pr": 0.7316919191919192
            },
            "20": {
              "f1": 0.6875,
              "auc_pr": 0.7898047879186461
            },
            "30": {
              "f1": 0.8846153846153846,
              "auc_pr": 0.9525162996169003
            },
            "50": {
              "f1": 0.8955223880597015,
              "auc_pr": 0.969065279889765
            }
          }
        },
        {
          "seed": 456,
          "val_rmse": 12.592472076416016,
          "test_rmse": 16.268233286641767,
          "f1_by_k": {
            "10": {
              "f1": 0.6666666666666666,
              "auc_pr": 0.8302614052614052
            },
            "20": {
              "f1": 0.7647058823529411,
              "auc_pr": 0.8237012701257552
            },
            "30": {
              "f1": 0.8846153846153846,
              "auc_pr": 0.9664186136973871
            },
            "50": {
              "f1": 0.8955223880597015,
              "auc_pr": 0.9641498742193984
            }
          }
        }
      ],
      "test_rmse_mean": 16.209490044824555,
      "test_rmse_std": 0.43288007530660016,
      "f1_by_k_mean": {
        "10": 0.6900584795321637,
        "20": 0.7264928698752229,
        "30": 0.8916303821964199,
        "50": 0.9009364940005854
      },
      "elapsed_min": 0.6931373755137126
    },
    {
      "model": "chronos-t5-large",
      "hf_id": "amazon/chronos-t5-large",
      "approach": "univariate_per_sensor",
      "n_params": 708963328,
      "feat_dim": 14336,
      "per_seed": [
        {
          "seed": 42,
          "val_rmse": 15.432498931884766,
          "test_rmse": 15.869288223782046,
          "f1_by_k": {
            "10": {
              "f1": 0.7368421052631579,
              "auc_pr": 0.9389880952380951
            },
            "20": {
              "f1": 0.7272727272727273,
              "auc_pr": 0.8838249883286649
            },
            "30": {
              "f1": 0.8846153846153846,
              "auc_pr": 0.9614308300395258
            },
            "50": {
              "f1": 0.9117647058823529,
              "auc_pr": 0.971815899478943
            }
          }
        },
        {
          "seed": 123,
          "val_rmse": 16.441516876220703,
          "test_rmse": 16.216338354020685,
          "f1_by_k": {
            "10": {
              "f1": 0.7368421052631579,
              "auc_pr": 0.8815398886827458
            },
            "20": {
              "f1": 0.8333333333333334,
              "auc_pr": 0.9302891865994047
            },
            "30": {
              "f1": 0.9259259259259259,
              "auc_pr": 0.9704933374751886
            },
            "50": {
              "f1": 0.8787878787878788,
              "auc_pr": 0.9607702015843451
            }
          }
        },
        {
          "seed": 456,
          "val_rmse": 15.106081008911133,
          "test_rmse": 15.912204607000236,
          "f1_by_k": {
            "10": {
              "f1": 0.7368421052631579,
              "auc_pr": 0.8459939531368103
            },
            "20": {
              "f1": 0.8,
              "auc_pr": 0.9001527552308802
            },
            "30": {
              "f1": 0.9056603773584906,
              "auc_pr": 0.9794086819613136
            },
            "50": {
              "f1": 0.8787878787878788,
              "auc_pr": 0.9655750131684787
            }
          }
        }
      ],
      "test_rmse_mean": 15.999277061600987,
      "test_rmse_std": 0.1544822697211867,
      "f1_by_k_mean": {
        "10": 0.7368421052631579,
        "20": 0.7868686868686868,
        "30": 0.905400562633267,
        "50": 0.8897801544860369
      },
      "elapsed_min": 2.547583786646525
    }
  ]
}