{
  "config": "v18_phase12_smap_random_init_k100",
  "per_seed": [
    {
      "seed": 0,
      "k10": {
        "f1_non_pa": 0.03258550089393852,
        "f1_pa": 0.5973993935344606,
        "auc_pr": 0.11574940235184973
      },
      "k100": {
        "f1_non_pa": 0.06390864742593955,
        "f1_pa": 0.5950002966596127,
        "auc_pr": 0.1250560448239811
      }
    },
    {
      "seed": 1,
      "k10": {
        "f1_non_pa": 0.032651410078594546,
        "f1_pa": 0.5777935601115439,
        "auc_pr": 0.10171177291175028
      },
      "k100": {
        "f1_non_pa": 0.056950467929696415,
        "f1_pa": 0.6111111111111112,
        "auc_pr": 0.11736585059041714
      }
    },
    {
      "seed": 2,
      "k10": {
        "f1_non_pa": 0.02909911514935566,
        "f1_pa": 0.5883003498622883,
        "auc_pr": 0.11502541166382023
      },
      "k100": {
        "f1_non_pa": 0.06169333295841183,
        "f1_pa": 0.6059699077819123,
        "auc_pr": 0.13002477759048267
      }
    }
  ],
  "aggregate": {
    "k10": {
      "pa_per_seed": [
        0.5973993935344606,
        0.5777935601115439,
        0.5883003498622883
      ],
      "pa_mean": 0.5878311011694309,
      "pa_std": 0.008010922618675092,
      "non_pa_mean": 0.03144534204062958
    },
    "k100": {
      "pa_per_seed": [
        0.5950002966596127,
        0.6111111111111112,
        0.6059699077819123
      ],
      "pa_mean": 0.604027105184212,
      "pa_std": 0.006719149104009905,
      "non_pa_mean": 0.0608508161046826
    }
  },
  "pretrained_ref_k100": 0.793,
  "matched_k100_delta_smap": 0.18897289481578805,
  "runtime_min": 0.2824803908665975
}