{
  "config": "v18_phase8_chronos_rul",
  "models": [
    {
      "model": "chronos-t5-tiny",
      "hf_id": "amazon/chronos-t5-tiny",
      "n_params": 8394496,
      "d_emb": 256,
      "feat_dim": 3584,
      "test_rmse_per_seed": [
        19.289859965583712,
        16.585210458265163,
        17.571135306905433
      ],
      "test_rmse_mean": 17.815401910251435,
      "test_rmse_std": 1.117596191085213,
      "f1_by_k_mean": {
        "10": 0.6639146886824906,
        "20": 0.7868686868686869,
        "30": 0.877325289089995,
        "50": 0.8841944125526214
      },
      "per_seed": [
        {
          "seed": 42,
          "val_rmse": 15.398536682128906,
          "test_rmse": 19.289859965583712,
          "f1_by_k": {
            "10": {
              "f1": 0.7368421052631579,
              "auc_pr": 0.881708238851096
            },
            "20": {
              "f1": 0.7272727272727273,
              "auc_pr": 0.8028369406973317
            },
            "30": {
              "f1": 0.8846153846153846,
              "auc_pr": 0.9244208797394555
            },
            "50": {
              "f1": 0.8615384615384616,
              "auc_pr": 0.9605272371161732
            }
          }
        },
        {
          "seed": 123,
          "val_rmse": 15.267008781433105,
          "test_rmse": 16.585210458265163,
          "f1_by_k": {
            "10": {
              "f1": 0.5882352941176471,
              "auc_pr": 0.710221462823794
            },
            "20": {
              "f1": 0.8,
              "auc_pr": 0.8920173576423576
            },
            "30": {
              "f1": 0.8846153846153846,
              "auc_pr": 0.9403116889721008
            },
            "50": {
              "f1": 0.8955223880597015,
              "auc_pr": 0.9551664863484873
            }
          }
        },
        {
          "seed": 456,
          "val_rmse": 16.471799850463867,
          "test_rmse": 17.571135306905433,
          "f1_by_k": {
            "10": {
              "f1": 0.6666666666666666,
              "auc_pr": 0.7670540438397581
            },
            "20": {
              "f1": 0.8333333333333334,
              "auc_pr": 0.9336920126442185
            },
            "30": {
              "f1": 0.8627450980392157,
              "auc_pr": 0.931425255794749
            },
            "50": {
              "f1": 0.8955223880597015,
              "auc_pr": 0.9373233475132573
            }
          }
        }
      ],
      "elapsed_min": 0.2248916467030843
    },
    {
      "model": "chronos-t5-small",
      "hf_id": "amazon/chronos-t5-small",
      "n_params": 46154240,
      "d_emb": 512,
      "feat_dim": 7168,
      "test_rmse_per_seed": [
        18.046685139099342,
        16.942752472971353,
        17.978501100030538
      ],
      "test_rmse_mean": 17.65597957070041,
      "test_rmse_std": 0.5050953279643988,
      "f1_by_k_mean": {
        "10": 0.6900584795321637,
        "20": 0.8209680268503798,
        "30": 0.8837735849056605,
        "50": 0.8728664370455416
      },
      "per_seed": [
        {
          "seed": 42,
          "val_rmse": 15.691061973571777,
          "test_rmse": 18.046685139099342,
          "f1_by_k": {
            "10": {
              "f1": 0.6666666666666666,
              "auc_pr": 0.6983620215763072
            },
            "20": {
              "f1": 0.7647058823529411,
              "auc_pr": 0.8313684579309579
            },
            "30": {
              "f1": 0.84,
              "auc_pr": 0.9324590744786623
            },
            "50": {
              "f1": 0.8615384615384616,
              "auc_pr": 0.939945482642625
            }
          }
        },
        {
          "seed": 123,
          "val_rmse": 16.481760025024414,
          "test_rmse": 16.942752472971353,
          "f1_by_k": {
            "10": {
              "f1": 0.6666666666666666,
              "auc_pr": 0.8659147869674185
            },
            "20": {
              "f1": 0.8333333333333334,
              "auc_pr": 0.9227108250098285
            },
            "30": {
              "f1": 0.9056603773584906,
              "auc_pr": 0.9741931128452868
            },
            "50": {
              "f1": 0.8955223880597015,
              "auc_pr": 0.956389785583741
            }
          }
        },
        {
          "seed": 456,
          "val_rmse": 16.27483558654785,
          "test_rmse": 17.978501100030538,
          "f1_by_k": {
            "10": {
              "f1": 0.7368421052631579,
              "auc_pr": 0.7014652014652014
            },
            "20": {
              "f1": 0.8648648648648649,
              "auc_pr": 0.9137872697155784
            },
            "30": {
              "f1": 0.9056603773584906,
              "auc_pr": 0.9499731487514741
            },
            "50": {
              "f1": 0.8615384615384616,
              "auc_pr": 0.9304178231939375
            }
          }
        }
      ],
      "elapsed_min": 0.3489500403404236
    },
    {
      "model": "chronos-t5-base",
      "hf_id": "amazon/chronos-t5-base",
      "n_params": 201374976,
      "d_emb": 768,
      "feat_dim": 10752,
      "test_rmse_per_seed": [
        17.76744653783496,
        16.539141964697418,
        16.64915315779931
      ],
      "test_rmse_mean": 16.985247220110562,
      "test_rmse_std": 0.5549188800406234,
      "f1_by_k_mean": {
        "10": 0.7368421052631579,
        "20": 0.7993464052287583,
        "30": 0.8981104671078773,
        "50": 0.8782649253731343
      },
      "per_seed": [
        {
          "seed": 42,
          "val_rmse": 15.681526184082031,
          "test_rmse": 17.76744653783496,
          "f1_by_k": {
            "10": {
              "f1": 0.7368421052631579,
              "auc_pr": 0.8097694633408918
            },
            "20": {
              "f1": 0.7647058823529411,
              "auc_pr": 0.8501764786374321
            },
            "30": {
              "f1": 0.8627450980392157,
              "auc_pr": 0.9598666865253768
            },
            "50": {
              "f1": 0.8955223880597015,
              "auc_pr": 0.9515991719507425
            }
          }
        },
        {
          "seed": 123,
          "val_rmse": 15.983744621276855,
          "test_rmse": 16.539141964697418,
          "f1_by_k": {
            "10": {
              "f1": 0.7368421052631579,
              "auc_pr": 0.9281712685074031
            },
            "20": {
              "f1": 0.8333333333333334,
              "auc_pr": 0.9342728792544096
            },
            "30": {
              "f1": 0.9259259259259259,
              "auc_pr": 0.9812648850318131
            },
            "50": {
              "f1": 0.84375,
              "auc_pr": 0.9598888518339191
            }
          }
        },
        {
          "seed": 456,
          "val_rmse": 16.06393051147461,
          "test_rmse": 16.64915315779931,
          "f1_by_k": {
            "10": {
              "f1": 0.7368421052631579,
              "auc_pr": 0.8990551776266063
            },
            "20": {
              "f1": 0.8,
              "auc_pr": 0.9255768562815903
            },
            "30": {
              "f1": 0.9056603773584906,
              "auc_pr": 0.9589642860407567
            },
            "50": {
              "f1": 0.8955223880597015,
              "auc_pr": 0.9577135095191476
            }
          }
        }
      ],
      "elapsed_min": 0.9194838802019755
    }
  ]
}