{
  "config": "v18_phase6c_fd003_fd004_e2e_honest",
  "results": {
    "FD003": {
      "per_seed": [
        {
          "seed": 0,
          "val_rmse": 9.46904468536377,
          "test_rmse": 14.346366882324219,
          "f1_by_k": {
            "10": {
              "f1": 0.7058823529411765,
              "auc_pr": 0.7138227513227513
            },
            "20": {
              "f1": 0.8484848484848485,
              "auc_pr": 0.9624427655677655
            },
            "30": {
              "f1": 0.8837209302325582,
              "auc_pr": 0.9694036359013476
            },
            "50": {
              "f1": 0.9354838709677419,
              "auc_pr": 0.9798949354864057
            }
          }
        },
        {
          "seed": 1,
          "val_rmse": 8.73402214050293,
          "test_rmse": 15.667898178100586,
          "f1_by_k": {
            "10": {
              "f1": 0.625,
              "auc_pr": 0.4368287740628166
            },
            "20": {
              "f1": 0.8484848484848485,
              "auc_pr": 0.9648638342407339
            },
            "30": {
              "f1": 0.9090909090909091,
              "auc_pr": 0.9750334168755221
            },
            "50": {
              "f1": 0.9354838709677419,
              "auc_pr": 0.9826434929286002
            }
          }
        },
        {
          "seed": 2,
          "val_rmse": 9.428499221801758,
          "test_rmse": 16.181303024291992,
          "f1_by_k": {
            "10": {
              "f1": 0.625,
              "auc_pr": 0.4437121212121212
            },
            "20": {
              "f1": 0.8484848484848485,
              "auc_pr": 0.9030131429028487
            },
            "30": {
              "f1": 0.9090909090909091,
              "auc_pr": 0.975575075509286
            },
            "50": {
              "f1": 0.9354838709677419,
              "auc_pr": 0.9900441363187489
            }
          }
        }
      ],
      "test_rmse_mean": 15.3985226949056,
      "test_rmse_std": 0.7729467530107507,
      "val_rmse_mean": 9.210522015889486
    },
    "FD004": {
      "per_seed": [
        {
          "seed": 0,
          "val_rmse": 12.064898490905762,
          "test_rmse": 25.657588958740234,
          "f1_by_k": {
            "10": {
              "f1": 0.5142857142857142,
              "auc_pr": 0.6143416005731277
            },
            "20": {
              "f1": 0.8791208791208791,
              "auc_pr": 0.9706488673604386
            },
            "30": {
              "f1": 0.9043478260869565,
              "auc_pr": 0.9749896177314759
            },
            "50": {
              "f1": 0.9341317365269461,
              "auc_pr": 0.9871256688591749
            }
          }
        },
        {
          "seed": 1,
          "val_rmse": 10.386481285095215,
          "test_rmse": 25.768436431884766,
          "f1_by_k": {
            "10": {
              "f1": 0.5555555555555556,
              "auc_pr": 0.710329238763904
            },
            "20": {
              "f1": 0.8666666666666667,
              "auc_pr": 0.9614589638315564
            },
            "30": {
              "f1": 0.9043478260869565,
              "auc_pr": 0.9680925054608378
            },
            "50": {
              "f1": 0.9341317365269461,
              "auc_pr": 0.9868068731549248
            }
          }
        },
        {
          "seed": 2,
          "val_rmse": 13.607169151306152,
          "test_rmse": 25.21344757080078,
          "f1_by_k": {
            "10": {
              "f1": 0.631578947368421,
              "auc_pr": 0.6320021780642082
            },
            "20": {
              "f1": 0.8791208791208791,
              "auc_pr": 0.9631829196733692
            },
            "30": {
              "f1": 0.8947368421052632,
              "auc_pr": 0.9666520241020834
            },
            "50": {
              "f1": 0.9341317365269461,
              "auc_pr": 0.987663134911402
            }
          }
        }
      ],
      "test_rmse_mean": 25.546490987141926,
      "test_rmse_std": 0.23980579427496224,
      "val_rmse_mean": 12.019516309102377
    }
  },
  "v14_old_protocol_e2e_reference": {
    "FD003": 13.67,
    "FD004": 25.27
  },
  "runtime_min": 2.298090847333272
}