{
  "config": "v18_phase11_paired_star",
  "fam_seeds": [
    0,
    1,
    2,
    3,
    4
  ],
  "star_seeds": [
    42,
    123,
    456,
    789,
    1024
  ],
  "fam_rmse_per_seed": [
    13.819542994000697,
    13.930215088096116,
    14.006401154288113,
    14.23825769446813,
    13.922346040774825
  ],
  "star_rmse_per_seed": [
    12.300515412236225,
    12.968826790760355,
    11.24975224253286,
    12.094589630130937,
    12.314578654070127
  ],
  "fam_rmse_mean": 13.983352594325575,
  "fam_rmse_std": 0.14063202017894458,
  "star_rmse_mean": 12.1856525459461,
  "star_rmse_std": 0.5526986791579157,
  "unpaired_welch": {
    "t": 6.304293736261004,
    "p": 0.0021307980327752198
  },
  "paired_per_engine_abs_residual": {
    "fam_mean_abs_res": 9.28058716106415,
    "star_mean_abs_res": 8.44120723581314,
    "delta_mean": 0.8393799252510064,
    "paired_t": 0.9611659898756255,
    "paired_t_p": 0.3388104215077764,
    "wilcoxon_W": 2265.0,
    "wilcoxon_p": 0.371340907219714,
    "bootstrap_95_ci": [
      -0.8751761516213428,
      2.5274157168149918
    ]
  },
  "runtime_min": 0.41454780101776123
}