{
  "config": "v18_phase4d_random_init_control",
  "pca_k": 10,
  "window": 100,
  "stride": 10,
  "thresh_pctl": 95,
  "pretrained_v17": {
    "f1_non_pa": 0.09980503899220156,
    "f1_pa": 0.7329183229580739,
    "auc_pr": 0.17305161196134608,
    "threshold": 17.850271224975586,
    "score_gap": 1.7030906677246094
  },
  "random_init": {
    "per_seed": [
      {
        "seed": 0,
        "f1_non_pa": 0.03258550089393852,
        "f1_pa": 0.5973993935344606,
        "auc_pr": 0.11218304486620487,
        "threshold": 49.20529556274414,
        "score_gap": -1.6236634254455566
      },
      {
        "seed": 1,
        "f1_non_pa": 0.032651410078594546,
        "f1_pa": 0.5777935601115439,
        "auc_pr": 0.10445482360850096,
        "threshold": 48.98876953125,
        "score_gap": -1.6287059783935547
      },
      {
        "seed": 2,
        "f1_non_pa": 0.02909911514935566,
        "f1_pa": 0.5883003498622883,
        "auc_pr": 0.12133317892546186,
        "threshold": 50.324501037597656,
        "score_gap": -1.4730453491210938
      }
    ],
    "pa_f1_mean": 0.5878311011694309,
    "pa_f1_std": 0.008010922618675092,
    "non_pa_f1_mean": 0.03144534204062958
  },
  "delta_pretrained_minus_random": {
    "pa_f1": 0.14508722178864297,
    "non_pa_f1": 0.06835969695157199
  },
  "mts_jepa_ref": {
    "smap_pa_f1": 0.336
  },
  "runtime_min": 0.2866334358851115
}