{
  "config": "v18_phase4h_smap_k50_seeds",
  "per_eval": {
    "seed42_k10": {
      "f1_non_pa": 0.09980503899220156,
      "f1_pa": 0.7329183229580739,
      "auc_pr": 0.17285455337440428
    },
    "seed42_k20": {
      "f1_non_pa": 0.14600550964187328,
      "f1_pa": 0.7665228863503499,
      "auc_pr": 0.18360692618548397
    },
    "seed42_k50": {
      "f1_non_pa": 0.15836789490087022,
      "f1_pa": 0.7957076902576483,
      "auc_pr": 0.17599838634568477
    },
    "seed42_k100": {
      "f1_non_pa": 0.16688892660572704,
      "f1_pa": 0.8093921999385822,
      "auc_pr": 0.1912771079010637
    },
    "seed123_k10": {
      "f1_non_pa": 0.08322993696957666,
      "f1_pa": 0.6257950310006494,
      "auc_pr": 0.17387711164462982
    },
    "seed123_k20": {
      "f1_non_pa": 0.1760047368810599,
      "f1_pa": 0.8148694355834122,
      "auc_pr": 0.21755207911720334
    },
    "seed123_k50": {
      "f1_non_pa": 0.08882030178326475,
      "f1_pa": 0.7757133321504314,
      "auc_pr": 0.1796595987880106
    },
    "seed123_k100": {
      "f1_non_pa": 0.1014773490366238,
      "f1_pa": 0.7940578140893133,
      "auc_pr": 0.17129630463947457
    },
    "seed456_k10": {
      "f1_non_pa": 0.14631801953783985,
      "f1_pa": 0.6392442886045692,
      "auc_pr": 0.17821878687646361
    },
    "seed456_k20": {
      "f1_non_pa": 0.22924474155103144,
      "f1_pa": 0.6738811630847029,
      "auc_pr": 0.19685934523483667
    },
    "seed456_k50": {
      "f1_non_pa": 0.08917059429004821,
      "f1_pa": 0.7848659449310562,
      "auc_pr": 0.17719146859843554
    },
    "seed456_k100": {
      "f1_non_pa": 0.09571541415847247,
      "f1_pa": 0.7753107181333263,
      "auc_pr": 0.16845464058433443
    }
  },
  "aggregate": {
    "k10": {
      "pa_per_seed": [
        0.7329183229580739,
        0.6257950310006494,
        0.6392442886045692
      ],
      "pa_mean": 0.6659858808544308,
      "pa_std": 0.04764580769939995,
      "non_pa_mean": 0.10978433183320602,
      "non_pa_std": 0.026704759310403715
    },
    "k20": {
      "pa_per_seed": [
        0.7665228863503499,
        0.8148694355834122,
        0.6738811630847029
      ],
      "pa_mean": 0.7517578283394882,
      "pa_std": 0.05849745549503645,
      "non_pa_mean": 0.18375166269132157,
      "non_pa_std": 0.03442095850727119
    },
    "k50": {
      "pa_per_seed": [
        0.7957076902576483,
        0.7757133321504314,
        0.7848659449310562
      ],
      "pa_mean": 0.7854289891130453,
      "pa_std": 0.00817236616462502,
      "non_pa_mean": 0.1121195969913944,
      "non_pa_std": 0.032702797748335406
    },
    "k100": {
      "pa_per_seed": [
        0.8093921999385822,
        0.7940578140893133,
        0.7753107181333263
      ],
      "pa_mean": 0.7929202440537407,
      "pa_std": 0.013936938920242914,
      "non_pa_mean": 0.1213605632669411,
      "non_pa_std": 0.03227923867974992
    }
  },
  "runtime_min": 0.3913951237996419
}