{
  "config": "v18_phase6_multisubset_honest_probe",
  "protocol": "AdamW WD=1e-2 val n_cuts=10",
  "v14_fullseq_reference_old_protocol": {
    "FD003_frozen": 18.39,
    "FD003_e2e": 13.67,
    "FD004_frozen": 28.08,
    "FD004_e2e": 25.27
  },
  "seeds": [
    42,
    123,
    456
  ],
  "results": {
    "FD003": {
      "v2": {
        "ckpt": "/home/sagemaker-user/IndustrialJEPA/mechanical-jepa/experiments/v11/best_pretrain_fd003_v2.pt",
        "per_seed": [
          {
            "seed": 42,
            "val_rmse": 10.382431030273438,
            "test_rmse": 16.421531677246094,
            "f1_by_k": {
              "10": {
                "f1": 0.625,
                "auc_pr": 0.3591507177033493
              },
              "20": {
                "f1": 0.8484848484848485,
                "auc_pr": 0.9224525474525476
              },
              "30": {
                "f1": 0.9090909090909091,
                "auc_pr": 0.965101805158027
              },
              "50": {
                "f1": 0.9,
                "auc_pr": 0.9624735520462656
              }
            }
          },
          {
            "seed": 123,
            "val_rmse": 13.699392318725586,
            "test_rmse": 16.537782669067383,
            "f1_by_k": {
              "10": {
                "f1": 0.625,
                "auc_pr": 0.3635582010582011
              },
              "20": {
                "f1": 0.8484848484848485,
                "auc_pr": 0.9653649921507064
              },
              "30": {
                "f1": 0.9090909090909091,
                "auc_pr": 0.9707310792655619
              },
              "50": {
                "f1": 0.8813559322033898,
                "auc_pr": 0.9624265333151188
              }
            }
          },
          {
            "seed": 456,
            "val_rmse": 12.546707153320312,
            "test_rmse": 16.31259536743164,
            "f1_by_k": {
              "10": {
                "f1": 0.5333333333333333,
                "auc_pr": 0.2771401356927673
              },
              "20": {
                "f1": 0.8484848484848485,
                "auc_pr": 0.9593009617640159
              },
              "30": {
                "f1": 0.9090909090909091,
                "auc_pr": 0.9666339534218792
              },
              "50": {
                "f1": 0.9,
                "auc_pr": 0.9689076129946375
              }
            }
          }
        ],
        "test_rmse": {
          "mean": 16.423969904581707,
          "std": 0.0919484961591788,
          "per_seed": [
            16.421531677246094,
            16.537782669067383,
            16.31259536743164
          ]
        },
        "val_rmse_mean": 12.20951016743978,
        "f1_by_k_mean": {
          "10": 0.5944444444444444,
          "20": 0.8484848484848485,
          "30": 0.9090909090909091,
          "50": 0.8937853107344633
        }
      },
      "fullseq": {
        "ckpt": "/home/sagemaker-user/IndustrialJEPA/mechanical-jepa/experiments/v14/best_pretrain_full_sequence_fd003.pt",
        "per_seed": [
          {
            "seed": 42,
            "val_rmse": 14.516857147216797,
            "test_rmse": 18.57234001159668,
            "f1_by_k": {
              "10": {
                "f1": 0.42857142857142855,
                "auc_pr": 0.4485302826104713
              },
              "20": {
                "f1": 0.5925925925925926,
                "auc_pr": 0.7130402998519982
              },
              "30": {
                "f1": 0.9090909090909091,
                "auc_pr": 0.9612789371361352
              },
              "50": {
                "f1": 0.9,
                "auc_pr": 0.9638811715249054
              }
            }
          },
          {
            "seed": 123,
            "val_rmse": 16.64717674255371,
            "test_rmse": 17.953351974487305,
            "f1_by_k": {
              "10": {
                "f1": 0.42857142857142855,
                "auc_pr": 0.4667717086834734
              },
              "20": {
                "f1": 0.6428571428571429,
                "auc_pr": 0.7089259866626076
              },
              "30": {
                "f1": 0.8837209302325582,
                "auc_pr": 0.9593429572439196
              },
              "50": {
                "f1": 0.9,
                "auc_pr": 0.9695034862157299
              }
            }
          },
          {
            "seed": 456,
            "val_rmse": 14.438031196594238,
            "test_rmse": 18.03093719482422,
            "f1_by_k": {
              "10": {
                "f1": 0.3076923076923077,
                "auc_pr": 0.3677859639520257
              },
              "20": {
                "f1": 0.48,
                "auc_pr": 0.5844557280647507
              },
              "30": {
                "f1": 0.8837209302325582,
                "auc_pr": 0.9280743046155198
              },
              "50": {
                "f1": 0.8620689655172413,
                "auc_pr": 0.9460290117034669
              }
            }
          }
        ],
        "test_rmse": {
          "mean": 18.185543060302734,
          "std": 0.2753346784689497,
          "per_seed": [
            18.57234001159668,
            17.953351974487305,
            18.03093719482422
          ]
        },
        "val_rmse_mean": 15.200688362121582,
        "f1_by_k_mean": {
          "10": 0.38827838827838823,
          "20": 0.5718165784832451,
          "30": 0.8921775898520083,
          "50": 0.8873563218390804
        }
      }
    },
    "FD004": {
      "v2": {
        "ckpt": "/home/sagemaker-user/IndustrialJEPA/mechanical-jepa/experiments/v11/best_pretrain_fd004_v2.pt",
        "per_seed": [
          {
            "seed": 42,
            "val_rmse": 14.054627418518066,
            "test_rmse": 27.86423683166504,
            "f1_by_k": {
              "10": {
                "f1": 0.47058823529411764,
                "auc_pr": 0.5675504527512527
              },
              "20": {
                "f1": 0.813953488372093,
                "auc_pr": 0.8776397909873809
              },
              "30": {
                "f1": 0.875,
                "auc_pr": 0.9443605619932398
              },
              "50": {
                "f1": 0.9404761904761905,
                "auc_pr": 0.982776813423591
              }
            }
          },
          {
            "seed": 123,
            "val_rmse": 15.102873802185059,
            "test_rmse": 28.25551414489746,
            "f1_by_k": {
              "10": {
                "f1": 0.5555555555555556,
                "auc_pr": 0.5507661590794299
              },
              "20": {
                "f1": 0.8,
                "auc_pr": 0.8380482155861373
              },
              "30": {
                "f1": 0.8849557522123894,
                "auc_pr": 0.9466563708283815
              },
              "50": {
                "f1": 0.9467455621301775,
                "auc_pr": 0.979552975057812
              }
            }
          },
          {
            "seed": 456,
            "val_rmse": 14.385689735412598,
            "test_rmse": 27.484798431396484,
            "f1_by_k": {
              "10": {
                "f1": 0.47058823529411764,
                "auc_pr": 0.5271344207491968
              },
              "20": {
                "f1": 0.8,
                "auc_pr": 0.8677041669578469
              },
              "30": {
                "f1": 0.8648648648648649,
                "auc_pr": 0.944593924446501
              },
              "50": {
                "f1": 0.9404761904761905,
                "auc_pr": 0.9822158709873365
              }
            }
          }
        ],
        "test_rmse": {
          "mean": 27.868183135986328,
          "std": 0.31465574601213203,
          "per_seed": [
            27.86423683166504,
            28.25551414489746,
            27.484798431396484
          ]
        },