{
  "msl_k100": {
    "delta": 0.08399999999999996,
    "t_stat": 1.978983003471631,
    "p_value": 0.12988741448479854,
    "ci_low": 0.018000000000000016,
    "ci_high": 0.15000000000000013,
    "a_mean": 0.707,
    "a_std": 0.0613921819126833,
    "b_mean": 0.623,
    "b_std": 0.040447496832313405,
    "significant_at_0.05": false,
    "significant_at_0.10": false
  },
  "smap_pretrained_k100_vs_random_k10": {
    "delta": 0.20433333333333337,
    "t_stat": 20.07948262076481,
    "p_value": 0.0012986099017493842,
    "ci_low": 0.18799999999999994,
    "ci_high": 0.2200000000000002,
    "a_mean": 0.7926666666666667,
    "a_std": 0.01703917055884276,
    "b_mean": 0.5883333333333334,
    "b_std": 0.0045092497528228985,
    "significant_at_0.05": true,
    "significant_at_0.10": true
  },
  "msl_paired": {
    "t": 1.5485789449079472,
    "p": 0.2615842339909012
  }
}