{
  "config": "v18_phase4g_msl_diagnose",
  "epochs_tested": [
    50,
    150
  ],
  "scoring_methods": [
    "mahal_k5/10/20/50",
    "neg_mahal",
    "rep_shift",
    "traj_div"
  ],
  "results": {
    "ep50": {
      "mahal_k5": {
        "f1_non_pa": 0.0758335422411632,
        "f1_pa": 0.2206896551724138,
        "auc_pr": 0.0828195590794054,
        "threshold": 7.925521373748779,
        "score_gap": -0.8347468376159668
      },
      "neg_mahal_k5": {
        "f1_non_pa": 0.10818287711124054,
        "f1_pa": 0.5098061704323891,
        "auc_pr": 0.14712270873625008,
        "threshold": -1.4660725593566895,
        "score_gap": 0.8347468376159668
      },
      "mahal_k10": {
        "f1_non_pa": 0.0,
        "f1_pa": 0.0,
        "auc_pr": 0.08275592731954572,
        "threshold": 31.970693588256836,
        "score_gap": -1.553232192993164
      },
      "neg_mahal_k10": {
        "f1_non_pa": 0.10049916805324459,
        "f1_pa": 0.49406384662738545,
        "auc_pr": 0.15179529767872182,
        "threshold": -4.23097038269043,
        "score_gap": 1.553232192993164
      },
      "mahal_k20": {
        "f1_non_pa": 0.05629809639530174,
        "f1_pa": 0.5493841154689035,
        "auc_pr": 0.13424364722603135,
        "threshold": 41.46388244628906,
        "score_gap": 3.6243839263916016
      },
      "neg_mahal_k20": {
        "f1_non_pa": 0.04939348291445334,
        "f1_pa": 0.3770037601424896,
        "auc_pr": 0.07991365911521918,
        "threshold": -14.929319381713867,
        "score_gap": -3.6243839263916016
      },
      "mahal_k50": {
        "f1_non_pa": 0.04642253521126761,
        "f1_pa": 0.4797895659798334,
        "auc_pr": 0.16801352265870492,
        "threshold": 197.337646484375,
        "score_gap": 25.18199920654297
      },
      "neg_mahal_k50": {
        "f1_non_pa": 0.05043146130994483,
        "f1_pa": 0.24260392756949758,
        "auc_pr": 0.07145789934088623,
        "threshold": -39.625057220458984,
        "score_gap": -25.18199920654297
      },
      "rep_shift": {
        "f1_non_pa": 0.029823562891291976,
        "f1_pa": 0.40110854503464205,
        "auc_pr": 0.15473346768511814,
        "threshold": 16.80109977722168,
        "score_gap": 1.9016718864440918
      },
      "traj_div": {
        "f1_non_pa": 0.018944231587909748,
        "f1_pa": 0.40674484293417784,
        "auc_pr": 0.11371453144494141,
        "threshold": 78.67708587646484,
        "score_gap": 2.313161849975586
      }
    },
    "ep150": {
      "mahal_k5": {
        "f1_non_pa": 0.02769863880974992,
        "f1_pa": 0.11382729130401877,
        "auc_pr": 0.08045499184756698,
        "threshold": 8.047801971435547,
        "score_gap": -0.9679892063140869
      },
      "neg_mahal_k5": {
        "f1_non_pa": 0.042715827338129495,
        "f1_pa": 0.3259301990193251,
        "auc_pr": 0.13221623315885464,
        "threshold": -0.5983999967575073,
        "score_gap": 0.9679892063140869
      },
      "mahal_k10": {
        "f1_non_pa": 0.0,
        "f1_pa": 0.0,
        "auc_pr": 0.08725399205484254,
        "threshold": 21.310466766357422,
        "score_gap": -1.0562772750854492
      },
      "neg_mahal_k10": {
        "f1_non_pa": 0.030202087497224073,
        "f1_pa": 0.29143792738129637,
        "auc_pr": 0.12164753828930448,
        "threshold": -2.7867417335510254,
        "score_gap": 1.0562772750854492
      },
      "mahal_k20": {
        "f1_non_pa": 0.04754601226993865,
        "f1_pa": 0.20493537015276145,
        "auc_pr": 0.10620471555087643,
        "threshold": 30.59517478942871,
        "score_gap": 1.1169929504394531
      },
      "neg_mahal_k20": {
        "f1_non_pa": 0.0663870865643298,
        "f1_pa": 0.39757377049180326,
        "auc_pr": 0.09139023578660652,
        "threshold": -15.214910507202148,
        "score_gap": -1.1169929504394531
      },
      "mahal_k50": {
        "f1_non_pa": 0.0998439937597504,
        "f1_pa": 0.6010050251256281,
        "auc_pr": 0.15722679951409324,
        "threshold": 98.89898681640625,
        "score_gap": 14.440013885498047
      },
      "neg_mahal_k50": {
        "f1_non_pa": 0.0289736454411524,
        "f1_pa": 0.24315155936531097,
        "auc_pr": 0.07284036294942167,
        "threshold": -41.2861213684082,
        "score_gap": -14.440013885498047
      },
      "rep_shift": {
        "f1_non_pa": 0.055307566684812196,
        "f1_pa": 0.5938754624891758,
        "auc_pr": 0.15006486763811883,
        "threshold": 13.051711082458496,
        "score_gap": 1.5131540298461914
      },
      "traj_div": {
        "f1_non_pa": 0.013144168579177967,
        "f1_pa": 0.16264711557013312,
        "auc_pr": 0.10655756161892266,
        "threshold": 90.03717803955078,
        "score_gap": 2.919464111328125
      }
    }
  },