{
  "train_loss": [
    0.1822835799941069,
    0.11125855320275611,
    0.1023522309763723,
    0.09558074526065823,
    0.09109738086020842,
    0.08869717594675362,
    0.08679820475977841,
    0.08383658501486331,
    0.08074517413876202,
    0.07767941187009801,
    0.07466285983222541,
    0.07209776436267461,
    0.07019431655209787,
    0.0687019816156493,
    0.0674661650489121,
    0.0664492973358285,
    0.06559601990611792,
    0.06493818272295607,
    0.06444093563866407,
    0.06418639824493874
  ],
  "train_jepa": [
    0.17828609453571156,
    0.10929546298613715,
    0.10051307215570883,
    0.09379426837292822,
    0.08936323099423965,
    0.08701142704512875,
    0.08514690042908535,
    0.0822245446664147,
    0.07917810037048884,
    0.07615980917514673,
    0.0731922119253978,
    0.07067142681556238,
    0.06880536637224224,
    0.06734061163065215,
    0.06612629773640216,
    0.06512525104246546,
    0.06428293021615415,
    0.0636321015037824,
    0.06313636897774373,
    0.06288247927209956
  ],
  "train_recon": [
    0.03997485805099513,
    0.019630903620110197,
    0.018391588226969326,
    0.017864768950504508,
    0.017341498648503786,
    0.016857488885090796,
    0.01651304282703514,
    0.0161204045093476,
    0.015670737871843265,
    0.015196027808647814,
    0.01470647965797821,
    0.014263375631765378,
    0.013889502704460743,
    0.013613699003037341,
    0.013398674550551645,
    0.013240464108967625,
    0.013130896011017686,
    0.013060812385931741,
    0.013045666413991732,
    0.013039189626718973
  ],
  "val_loss": [
    0.07403976199901209,
    0.061671970164881344,
    0.054765708052215326,
    0.049045488205367485,
    0.045704506073905304,
    0.04310652527925188,
    0.04152931045510073,
    0.03898519178671119,
    0.03713077975981004,
    0.03477989438822312,
    0.03285497492921036,
    0.03179916910893094,
    0.030660792262153288,
    0.029506274589658838,
    0.028864494829842473,
    0.028248626277246308,
    0.027985873541473288,
    0.02777716064149827,
    0.02777898487989354,
    0.02791475474966311
  ],
  "val_jepa": [
    0.07311379896328513,
    0.060896349526875844,
    0.05403646134433493,
    0.0483705431091047,
    0.045031561524467134,
    0.04248569374986454,
    0.040935148015222717,
    0.038348955094023085,
    0.03656643978526107,
    0.03426468013002809,
    0.032353727756875804,
    0.03135043948031632,
    0.030183860751907383,
    0.029077308400806072,
    0.028447466350234714,
    0.02784610732532708,
    0.027570177693810084,
    0.027381195497196333,
    0.027384606626840818,
    0.02751795655792266
  ],
  "val_recon": [
    0.009259630221280112,
    0.007756204064111267,
    0.0072924671076501895,
    0.006749451996972867,
    0.00672944537899663,
    0.006208312590565302,
    0.0059416246213084825,
    0.006362366523033222,
    0.005643399819665778,
    0.005152142347059155,
    0.005012471414278303,
    0.004487297526535998,
    0.004769314158773791,
    0.004289662479876285,
    0.004170284874374624,
    0.004025189228669073,
    0.00415695828707081,
    0.003959652339314333,
    0.003943782522285407,
    0.0039679820369104895
  ]
}