{
  "config": "v19_phase1_psm",
  "ep50": [
    {
      "seed": 42,
      "n_epochs": 50,
      "k_auto": 37,
      "k10": {
        "f1_non_pa": 0.09834772947206194,
        "f1_pa": 0.5859118893419685,
        "auc_pr": 0.2782450745387334
      },
      "k20": {
        "f1_non_pa": 0.017231297025457098,
        "f1_pa": 0.5659909211379592,
        "auc_pr": 0.30539622587158616
      },
      "k50": {
        "f1_non_pa": 0.07668769596917381,
        "f1_pa": 0.6520518930368017,
        "auc_pr": 0.3738546561267842
      },
      "k100": {
        "f1_non_pa": 0.38905185152510974,
        "f1_pa": 0.7451121877469676,
        "auc_pr": 0.3573439603890568
      },
      "k37": {
        "f1_non_pa": 0.09867402062634581,
        "f1_pa": 0.6673550983662986,
        "auc_pr": 0.3853968820222685
      }
    },
    {
      "seed": 123,
      "n_epochs": 50,
      "k_auto": 33,
      "k10": {
        "f1_non_pa": 0.12150525814371038,
        "f1_pa": 0.6485831026756294,
        "auc_pr": 0.28686804061284055
      },
      "k20": {
        "f1_non_pa": 0.14704006124011226,
        "f1_pa": 0.4999096237766933,
        "auc_pr": 0.2915117836843785
      },
      "k50": {
        "f1_non_pa": 0.1282724230693524,
        "f1_pa": 0.7952107441506884,
        "auc_pr": 0.34091492040213023
      },
      "k100": {
        "f1_non_pa": 0.16926639874667937,
        "f1_pa": 0.8522931078657443,
        "auc_pr": 0.3773387825356283
      },
      "k33": {
        "f1_non_pa": 0.0859041976735785,
        "f1_pa": 0.8219835923430935,
        "auc_pr": 0.32349674060215644
      }
    },
    {
      "seed": 456,
      "n_epochs": 50,
      "k_auto": 18,
      "k10": {
        "f1_non_pa": 0.186765457332652,
        "f1_pa": 0.6758401940434265,
        "auc_pr": 0.3588180115624751
      },
      "k20": {
        "f1_non_pa": 0.05568500454168477,
        "f1_pa": 0.6990460587162751,
        "auc_pr": 0.375513699998949
      },
      "k50": {
        "f1_non_pa": 0.11249626754255002,
        "f1_pa": 0.8622404211757824,
        "auc_pr": 0.38769855156884864
      },
      "k100": {
        "f1_non_pa": 0.25170068027210885,
        "f1_pa": 0.8419800988797798,
        "auc_pr": 0.4391362151514579
      },
      "k18": {
        "f1_non_pa": 0.06988339680420871,
        "f1_pa": 0.6996931866271688,
        "auc_pr": 0.39396382784176126
      }
    }
  ],
  "ep50_aggregate": {
    "k10": {
      "pa_mean": 0.6367783953536748,
      "pa_std": 0.0376500405740138,
      "non_pa_mean": 0.1355394816494748,
      "non_pa_std": 0.03743566233833414,
      "auc_pr_mean": 0.30797704223801636
    },
    "k20": {
      "pa_mean": 0.5883155345436425,
      "pa_std": 0.08281554283625946,
      "non_pa_mean": 0.07331878760241804,
      "non_pa_std": 0.054441354045790945,
      "auc_pr_mean": 0.3241405698516379
    },
    "k50": {
      "pa_mean": 0.7698343527877576,
      "pa_std": 0.08766517845097237,
      "non_pa_mean": 0.1058187955270254,
      "non_pa_std": 0.02158220705254772,
      "auc_pr_mean": 0.3674893760325877
    },
    "k100": {
      "pa_mean": 0.8131284648308306,
      "pa_std": 0.04827870475926047,
      "non_pa_mean": 0.27000631018129934,
      "non_pa_std": 0.09065588187585734,
      "auc_pr_mean": 0.391272986025381
    },
    "k_auto": {
      "pa_mean": 0.7296772924455203,
      "pa_std": 0.0665921804152084,
      "non_pa_mean": 0.08482053836804433,
      "k_values": [
        37,
        33,
        18
      ]
    }
  },
  "mts_jepa_ref_psm_pa_f1": 0.616,
  "runtime_min": 28.834670158227286
}