{
  "part_b": {
    "pretraining": {
      "loss_init": 0.8181979422983916,
      "loss_final": 0.07114405638497809,
      "h_future_max_dim_spearman": 0.496
    },
    "linear_probe_h_fut": {
      "mean": 0.21131268013907265,
      "std": 0.0039295992020582865,
      "rmses": [
        0.20751970467229391,
        0.20756554546929878,
        0.21322284330948116,
        0.21030115433685154,
        0.21795415290743772
      ]
    },
    "linear_probe_h_past": {
      "mean": 0.22458406024135646,
      "std": 0.00981586287580702,
      "rmses": [
        0.23590903347255518,
        0.2158783559977125,
        0.22107927735127442,
        0.2365384622613249,
        0.21351517212391546
      ]
    },
    "shuffle_test": {
      "mean": 0.23260715087808395,
      "std": 0.011749854421299576,
      "temporal_signal": true
    },
    "elapsed_rmse": 0.0024309186682231407
  },
  "part_c": {
    "hetero": {
      "rmse_mean": 0.2262705936064358,
      "rmse_std": 0.015243164715749847,
      "picp": 0.8642857142857144,
      "mpiw": 0.601928436756134,
      "rmses": [
        0.22184538089548023,
        0.21688790834569432,
        0.22689298603585845,
        0.2548501254957066,
        0.21087656725943948
      ]
    },
    "mlp_probe": {
      "mean": 0.26863410414788236,
      "std": 0.006647627284947467,
      "rmses": [
        0.261822432040773,
        0.26526078476143533,
        0.2667361220768835,
        0.28125491920124646,
        0.26809626265907344
      ]
    },
    "e2e": {
      "mean": 0.1547535055454816,
      "std": 0.018397699936680074,
      "rmses": [
        0.14058558742504915,
        0.13717379856601164,
        0.15065657692197287,
        0.18885292636846643,
        0.15649863844590797
      ]
    }
  },
  "statistical_tests": {
    "traj_vs_hclstm_top5": {
      "p_value": 8.14104971009235e-08
    }
  }
}