{
  "dataset": "MSL",
  "seed": 42,
  "n_params": 1474100,
  "pretrain": {
    "best_epoch": 7,
    "val_loss": 0.06895855814218521,
    "wall_time_seconds": 191.963481426239,
    "codebook_utilization": 1.0,
    "codebook_perplexity": 57.88680720329285
  },
  "downstream": {
    "f1": 15.384615384615385,
    "auc": 57.26495726495726,
    "precision": 14.285714285714285,
    "recall": 16.666666666666664,
    "threshold": 0.53,
    "n_test": 148,
    "n_anomalous": 18,
    "anomaly_rate": 0.12162162162162163,
    "val_f1": 22.22222222222222
  },
  "wall_time": 196.45678281784058
}