{
  "dataset": "PSM",
  "seed": 42,
  "n_params": 1474100,
  "pretrain": {
    "best_epoch": 1,
    "val_loss": 0.30207584500312806,
    "wall_time_seconds": 376.17646956443787,
    "codebook_utilization": 1.0,
    "codebook_perplexity": 61.67948294974662
  },
  "downstream": {
    "f1": 52.10084033613446,
    "auc": 52.10809281267685,
    "precision": 35.22727272727273,
    "recall": 100.0,
    "threshold": 0.01,
    "n_test": 176,
    "n_anomalous": 62,
    "anomaly_rate": 0.3522727272727273,
    "val_f1": 61.111111111111114
  },
  "wall_time": 383.4210727214813
}