{
  "SMAP": {
    "per_seed": [
      {
        "seed": 42,
        "f1_pa": 0.7993366500829188,
        "f1_non_pa": 0.2787859576828592,
        "precision_pa": 0.7675974094914535,
        "recall_pa": 0.8338138622996194,
        "precision_non_pa": 0.4455420466058764,
        "recall_non_pa": 0.2028601084073348,
        "auroc": 0.5191024499555353,
        "auc_pr": 0.3415746635511963,
        "threshold_pct": 90,
        "threshold_val": 0.17859143018722534,
        "prevalence": 0.2836904956649763
      },
      {
        "seed": 123,
        "f1_pa": 0.7708239022181983,
        "f1_non_pa": 0.09623137598597721,
        "precision_pa": 0.7566937006999223,
        "recall_pa": 0.7854918694498905,
        "precision_non_pa": 0.2004381161007667,
        "recall_non_pa": 0.06331449659785492,
        "auroc": 0.3963341494714202,
        "auc_pr": 0.23558305935338497,
        "threshold_pct": 90,
        "threshold_val": 0.5829246640205384,
        "prevalence": 0.2836904956649763
      },
      {
        "seed": 456,
        "f1_pa": 0.8069146661779977,
        "f1_non_pa": 0.1783249393769819,
        "precision_pa": 0.8577922077922078,
        "recall_pa": 0.7617345173567063,
        "precision_non_pa": 0.4661140906874695,
        "recall_non_pa": 0.11025256602467996,
        "auroc": 0.39216893914069173,
        "auc_pr": 0.2964493046308506,
        "threshold_pct": 95,
        "threshold_val": 0.5128267526626586,
        "prevalence": 0.2836904956649763
      }
    ],
    "agg": {
      "f1_pa_mean": 0.792358406159705,
      "f1_pa_std": 0.015538290918231466,
      "f1_non_pa_mean": 0.1844474243486061,
      "f1_non_pa_std": 0.07465323141611357,
      "n_seeds": 3
    }
  },
  "MSL": {
    "per_seed": [
      {
        "seed": 42,
        "f1_pa": 0.4138908575478384,
        "f1_non_pa": 0.026455026455026454,
        "precision_pa": 0.5377532228360957,
        "recall_pa": 0.33640552995391704,
        "precision_non_pa": 0.05639097744360902,
        "recall_non_pa": 0.01728110599078341,
        "auroc": 0.38735483282799915,
        "auc_pr": 0.17688268476337987,
        "threshold_pct": 92,
        "threshold_val": 0.9245892429351807,
        "prevalence": 0.21689155422288856
      },
      {
        "seed": 123,
        "f1_pa": 0.5716012084592145,
        "f1_non_pa": 0.10272873194221509,
        "precision_pa": 0.6010165184243964,
        "recall_pa": 0.5449308755760369,
        "precision_non_pa": 0.1693121693121693,
        "recall_non_pa": 0.07373271889400922,
        "auroc": 0.43145492134725727,
        "auc_pr": 0.19256942502319463,
        "threshold_pct": 90,
        "threshold_val": 0.8659549236297609,
        "prevalence": 0.21689155422288856
      },
      {
        "seed": 456,
        "f1_pa": 0.5620437956204379,
        "f1_non_pa": 0.2794759825327511,
        "precision_pa": 0.595360824742268,
        "recall_pa": 0.532258064516129,
        "precision_non_pa": 0.3794466403162055,
        "recall_non_pa": 0.22119815668202766,
        "auroc": 0.4920608371392693,
        "auc_pr": 0.306008843996458,
        "threshold_pct": 90,
        "threshold_val": 0.796043384075165,
        "prevalence": 0.21689155422288856
      }
    ],
    "agg": {
      "f1_pa_mean": 0.5158452872091636,
      "f1_pa_std": 0.07219817786582192,
      "f1_non_pa_mean": 0.1362199136433309,
      "f1_non_pa_std": 0.1059752974122565,
      "n_seeds": 3
    }
  },
  "PSM": {
    "per_seed": [
      {
        "seed": 42,
        "f1_pa": 0.5493775933609959,
        "f1_non_pa": 0.053452115812917596,
        "precision_pa": 0.9254426840633737,
        "recall_pa": 0.3906372934697089,
        "precision_non_pa": 0.47368421052631576,
        "recall_non_pa": 0.02832415420928403,
        "auroc": 0.36381439464641663,
        "auc_pr": 0.32322415186055303,
        "threshold_pct": 98,
        "threshold_val": 0.806065708398819,
        "prevalence": 0.38880391557051086
      },
      {
        "seed": 123,
        "f1_pa": 0.6086508753861998,
        "f1_non_pa": 0.25958132045088567,
        "precision_pa": 0.8807749627421758,
        "recall_pa": 0.46498819826907944,
        "precision_non_pa": 0.7158081705150977,
        "recall_non_pa": 0.15853658536585366,
        "auroc": 0.4545494550411938,
        "auc_pr": 0.46070896148646767,
        "threshold_pct": 96,
        "threshold_val": 0.8710139036178588,
        "prevalence": 0.38880391557051086
      },
      {
        "seed": 456,
        "f1_pa": 0.6988058381247235,
        "f1_non_pa": 0.4157242864835757,
        "precision_pa": 0.797979797979798,
        "recall_pa": 0.6215578284815106,
        "precision_non_pa": 0.658703071672355,
        "recall_non_pa": 0.3036978756884343,
        "auroc": 0.5328052777403682,
        "auc_pr": 0.5514262868212916,
        "threshold_pct": 90,
        "threshold_val": 0.44962918758392334,
        "prevalence": 0.38880391557051086
      }
    ],
    "agg": {
      "f1_pa_mean": 0.6189447689573063,
      "f1_pa_std": 0.061436543234636695,
      "f1_non_pa_mean": 0.24291924091579298,
      "f1_non_pa_std": 0.14836553975779532,
      "n_seeds": 3
    }
  },
  "SMD": {
    "per_seed": [
      {
        "seed": 42,
        "f1_pa": 0.673120111515527,
        "f1_non_pa": 0.2073655576480435,
        "precision_pa": 0.6119402985074627,
        "recall_pa": 0.7478919290999828,
        "precision_non_pa": 0.26447824926607955,
        "recall_non_pa": 0.17053863362588195,
        "auroc": 0.6124400664913089,
        "auc_pr": 0.1954453670893464,
        "threshold_pct": 94,
        "threshold_val": 0.7541028976440425,
        "prevalence": 0.11231589933897715
      },
      {
        "seed": 123,
        "f1_pa": 0.5985709050934408,
        "f1_non_pa": 0.2538522999657573,
        "precision_pa": 0.6399608227228207,
        "recall_pa": 0.5622096024780588,
        "precision_non_pa": 0.3769491525423729,
        "recall_non_pa": 0.1913612114954397,
        "auroc": 0.6482878972821065,
        "auc_pr": 0.23733854885047834,
        "threshold_pct": 96,
        "threshold_val": 0.804773907661438,
        "prevalence": 0.11231589933897715
      },
      {
        "seed": 456,
        "f1_pa": 0.5512302183204343,
        "f1_non_pa": 0.08050198959289868,
        "precision_pa": 0.8383696416022488,
        "recall_pa": 0.4106005850972294,
        "precision_non_pa": 0.36376210235131395,
        "recall_non_pa": 0.0452589915677164,
        "auroc": 0.5857076550634887,
        "auc_pr": 0.1948081404255696,
        "threshold_pct": 99,
        "threshold_val": 0.9757249784469602,
        "prevalence": 0.11231589933897715
      }
    ],
    "agg": {
      "f1_pa_mean": 0.607640411643134,
      "f1_pa_std": 0.05017289093769644,
      "f1_non_pa_mean": 0.18057328240223317,
      "f1_non_pa_std": 0.07326186837287663,
      "n_seeds": 3
    }
  },
  "MBA": {
    "per_seed": [
      {
        "seed": 42,
        "f1_pa": 0.9990205680705191,
        "f1_non_pa": 0.41304347826086957,
        "precision_pa": 0.9980430528375733,
        "recall_pa": 1.0,
        "precision_non_pa": 0.9925373134328358,
        "recall_non_pa": 0.2607843137254902,
        "auroc": 0.4909313725490196,
        "auc_pr": 0.9762574572074114,
        "threshold_pct": 94,
        "threshold_val": 0.9317586302757264,
        "prevalence": 0.9695817490494296
      },
      {
        "seed": 123,
        "f1_pa": 0.9990205680705191,
        "f1_non_pa": 0.12477064220183487,
        "precision_pa": 0.9980430528375733,
        "recall_pa": 1.0,
        "precision_non_pa": 0.9714285714285714,
        "recall_non_pa": 0.06666666666666667,
        "auroc": 0.43713235294117647,
        "auc_pr": 0.968225384984612,
        "threshold_pct": 94,
        "threshold_val": 0.9936437129974365,
        "prevalence": 0.9695817490494296
      },
      {
        "seed": 456,
        "f1_pa": 0.9990205680705191,
        "f1_non_pa": 0.550354609929078,
        "precision_pa": 0.9980430528375733,
        "recall_pa": 1.0,