{
  "config": "v15_ema",
  "seeds": [
    42,
    123,
    456
  ],
  "probe_rmse_per_seed": [
    20.82840347290039,
    13.5001802444458,
    16.7613525390625
  ],
  "probe_rmse_mean": 17.02997875213623,
  "probe_rmse_std": 2.997758490748057
}