{
  "exp_a": {
    "passed": false,
    "pc1_final": 0.6901243925094604
  },
  "phase1c": {
    "config": "v15_sigreg",
    "losses": [
      0.054551834610163,
      0.04574751981041011,
      0.043559034127815095,
      0.04228190122866163,
      0.041174757410498225,
      0.040234779896689395,
      0.03946700714090291,
      0.03805941331912489,
      0.037398125488384094,
      0.03615162246367511,
      0.03607372924101119
    ],
    "probe_rmses": [
      15.649806022644043,
      18.674028396606445,
      16.906597137451172,
      17.39329719543457,
      13.34427261352539,
      20.954938888549805,
      14.62915325164795,
      16.884801864624023,
      17.968034744262695,
      16.413890838623047,
      16.342920303344727
    ],
    "spearman_rho": 0.10909090909090911,
    "spearman_pval": 0.7495085962341482,
    "passes_08_threshold": false,
    "note": "rho measures loss-probe correlation: negative rho expected (loss down = probe improves)"
  },
  "v15_ema": {
    "config": "v15_ema",
    "seeds": [
      42,
      123,
      456
    ],
    "probe_rmse_per_seed": [
      20.82840347290039,
      13.5001802444458,
      16.7613525390625
    ],
    "probe_rmse_mean": 17.02997875213623,
    "probe_rmse_std": 2.997758490748057
  },
  "v15_sigreg": {
    "config": "v15_sigreg",
    "seeds": [
      42,
      123,
      456
    ],
    "probe_rmse_per_seed": [
      10.212026596069336,
      10.244999885559082,
      7.036158084869385
    ],
    "probe_rmse_mean": 9.164394855499268,
    "probe_rmse_std": 1.5049508570826664
  },
  "degradation_clock_v15_ema": {
    "config": "v15_ema",
    "pc1_var": 0.6885986328125,
    "pc2_var": 0.15036135911941528,
    "pc1_rul_rho": -0.8670535561235494,
    "pc2_rul_rho": -0.4343528981806294,
    "n_embeddings": 1029
  },
  "degradation_clock_v15_sigreg": {
    "config": "v15_sigreg",
    "pc1_var": 0.5800553560256958,
    "pc2_var": 0.22345733642578125,
    "pc1_rul_rho": 0.8721525809742182,
    "pc2_rul_rho": -0.2782032018235549,
    "n_embeddings": 1029
  },
  "v2_baseline_reference": {
    "probe_rmse_mean": 17.81,
    "probe_rmse_std": 1.7,
    "note": "V14 established (5 seeds), causal encoder, EMA, var-reg"
  },
  "runtime_hours": 1.290295153458913
}