{
  "config": "v15_sigreg",
  "seeds": [
    42,
    123,
    456
  ],
  "probe_rmse_per_seed": [
    10.212026596069336,
    10.244999885559082,
    7.036158084869385
  ],
  "probe_rmse_mean": 9.164394855499268,
  "probe_rmse_std": 1.5049508570826664
}