{
  "smap": {
    "non_pa_f1": 0.0687858130804189,
    "pa_f1": 0.6246932906505316,
    "auc_pr": 0.11346400775987225,
    "tapr_f1": 0.22914816310052483
  },
  "msl": {
    "non_pa_f1": 0.07870297497245396,
    "pa_f1": 0.4329182179997432
  },
  "literature_baselines": {
    "mts_jepa_smap_pa_f1": 33.6,
    "ts2vec_smap_pa_f1": 32.8
  },
  "trivial_baselines": {
    "smap_random_f1": 0.07126989760374358,
    "msl_random_f1": 0.07054920108268575
  },
  "runtime_hours": 0.11490307788054148
}