{
  "SMAP": {
    "per_seed": [
      {
        "seed": 42,
        "f1_pa": 0.8169912795114096,
        "f1_non_pa": 0.23328417470221213,
        "precision_pa": 0.8620988168905704,
        "recall_pa": 0.7763693587041262,
        "precision_non_pa": 0.5444821012497352,
        "recall_non_pa": 0.14844223717263882,
        "auroc": 0.5359680142472583,
        "auc_pr": 0.38392688652690293,
        "threshold_pct": 95,
        "threshold_val": 0.8341397643089294,
        "prevalence": 0.28707963428078814
      },
      {
        "seed": 123,
        "f1_pa": 0.7849815923334177,
        "f1_non_pa": 0.3107429620802157,
        "precision_pa": 0.7645690197903265,
        "recall_pa": 0.8065140184217365,
        "precision_non_pa": 0.48042769119246104,
        "recall_non_pa": 0.2296364738832905,
        "auroc": 0.6095415848769543,
        "auc_pr": 0.426549612186466,
        "threshold_pct": 90,
        "threshold_val": 0.7108683288097382,
        "prevalence": 0.28707963428078814
      },
      {
        "seed": 456,
        "f1_pa": 0.8231042143307139,
        "f1_non_pa": 0.0907966220214082,
        "precision_pa": 0.9664784893906949,
        "recall_pa": 0.7167730199520689,
        "precision_non_pa": 0.6622204786190663,
        "recall_non_pa": 0.048739641382496465,
        "auroc": 0.5429111079893495,
        "auc_pr": 0.3872176667085,
        "threshold_pct": 99,
        "threshold_val": 0.9256628513336181,
        "prevalence": 0.28707963428078814
      }
    ],
    "agg": {
      "f1_pa_mean": 0.8083590287251804,
      "f1_pa_std": 0.016717663158357376,
      "f1_non_pa_mean": 0.2116079196012787,
      "f1_non_pa_std": 0.09109150400455102,
      "n_seeds": 3
    }
  },
  "MSL": {
    "per_seed": [
      {
        "seed": 42,
        "f1_pa": 0.7882530120481928,
        "f1_non_pa": 0.06307173808377467,
        "precision_pa": 0.8477486232588274,
        "recall_pa": 0.7365606529693217,
        "precision_non_pa": 0.21797004991680533,
        "recall_non_pa": 0.036870250492541515,
        "auroc": 0.42878220893792734,
        "auc_pr": 0.204660937768739,
        "threshold_pct": 96,
        "threshold_val": 0.598137514591217,
        "prevalence": 0.23219187034374592
      },
      {
        "seed": 123,
        "f1_pa": 0.8079470198675497,
        "f1_non_pa": 0.044402456306093525,
        "precision_pa": 0.8269967580312408,
        "recall_pa": 0.7897551365043625,
        "precision_non_pa": 0.13803230543318648,
        "recall_non_pa": 0.02645651562060231,
        "auroc": 0.48249282409241223,
        "auc_pr": 0.2149736039313864,
        "threshold_pct": 95,
        "threshold_val": 0.5733311772346497,
        "prevalence": 0.23219187034374592
      },
      {
        "seed": 456,
        "f1_pa": 0.7688724482805864,
        "f1_non_pa": 0.07167381974248926,
        "precision_pa": 0.7490656700480512,
        "recall_pa": 0.7897551365043625,
        "precision_non_pa": 0.15085817524841916,
        "recall_non_pa": 0.047002533070644524,
        "auroc": 0.39711017797276116,
        "auc_pr": 0.19053502568832023,
        "threshold_pct": 92,
        "threshold_val": 0.6072913455963135,
        "prevalence": 0.23219187034374592
      }
    ],
    "agg": {
      "f1_pa_mean": 0.7883574933987764,
      "f1_pa_std": 0.01595229812995908,
      "f1_non_pa_mean": 0.059716004710785815,
      "f1_non_pa_std": 0.011383541504380756,
      "n_seeds": 3
    }
  },
  "PSM": {
    "per_seed": [
      {
        "seed": 42,
        "f1_pa": 0.9511481514318645,
        "f1_non_pa": 0.13979086406164007,
        "precision_pa": 0.9477031802120142,
        "recall_pa": 0.9546182594767753,
        "precision_non_pa": 0.600270087778528,
        "recall_non_pa": 0.07910660259832711,
        "auroc": 0.5870884396713273,
        "auc_pr": 0.5241969484508866,
        "threshold_pct": 96,
        "threshold_val": 0.7949411988258362,
        "prevalence": 0.43183215493390714
      },
      {
        "seed": 123,
        "f1_pa": 0.8988394584139265,
        "f1_non_pa": 0.04716576622931138,
        "precision_pa": 0.9843253547977123,
        "recall_pa": 0.8270154831820609,
        "precision_non_pa": 0.6501182033096927,
        "recall_non_pa": 0.024470546360562378,
        "auroc": 0.567071079584549,
        "auc_pr": 0.5140792538085628,
        "threshold_pct": 99,
        "threshold_val": 0.6936329066753386,
        "prevalence": 0.43183215493390714
      },
      {
        "seed": 456,
        "f1_pa": 0.9379657060777449,
        "f1_non_pa": 0.14895947426067907,
        "precision_pa": 0.946376811594203,
        "recall_pa": 0.9297027940914754,
        "precision_non_pa": 0.616580310880829,
        "recall_non_pa": 0.08471258231001957,
        "auroc": 0.5589753316864409,
        "auc_pr": 0.5092216292030034,
        "threshold_pct": 96,
        "threshold_val": 0.5716649413108825,
        "prevalence": 0.43183215493390714
      }
    ],
    "agg": {
      "f1_pa_mean": 0.929317771974512,
      "f1_pa_std": 0.022213208000370882,
      "f1_non_pa_mean": 0.11197203485054351,
      "f1_non_pa_std": 0.04597756839083563,
      "n_seeds": 3
    }
  },
  "SMD": {
    "per_seed": [
      {
        "seed": 42,
        "f1_pa": 0.8641052566557539,
        "f1_non_pa": 0.11448053113224475,
        "precision_pa": 0.890027039923652,
        "recall_pa": 0.8396506707481768,
        "precision_non_pa": 0.39244288224956064,
        "recall_non_pa": 0.0670147954743255,
        "auroc": 0.5884659858304966,
        "auc_pr": 0.246281193150529,
        "threshold_pct": 98,
        "threshold_val": 0.9724426746368408,
        "prevalence": 0.16165512021889736
      },
      {
        "seed": 123,
        "f1_pa": 0.8653493143289062,
        "f1_non_pa": 0.16696570972886762,
        "precision_pa": 0.890274868279058,
        "recall_pa": 0.8417814591398818,
        "precision_non_pa": 0.4921404436609373,
        "recall_non_pa": 0.10053719876354252,
        "auroc": 0.6346100037014042,
        "auc_pr": 0.28764463644778643,
        "threshold_pct": 98,
        "threshold_val": 0.8998336529731749,
        "prevalence": 0.16165512021889736
      },
      {
        "seed": 456,
        "f1_pa": 0.801843918489681,
        "f1_non_pa": 0.18142260241797908,
        "precision_pa": 0.8768436052725329,
        "recall_pa": 0.7386633054230065,
        "precision_non_pa": 0.5148751052483862,
        "recall_non_pa": 0.11011074097416045,
        "auroc": 0.5978708299220414,
        "auc_pr": 0.2869195089148807,
        "threshold_pct": 98,
        "threshold_val": 0.9531301069259642,
        "prevalence": 0.16165512021889736
      }
    ],
    "agg": {
      "f1_pa_mean": 0.8437661631581137,
      "f1_pa_std": 0.029647853979711963,
      "f1_non_pa_mean": 0.15428961442636382,
      "f1_non_pa_std": 0.02876134872932426,
      "n_seeds": 3
    }
  },
  "MBA": {
    "per_seed": [
      {
        "seed": 42,
        "f1_pa": 0.9997397866250325,
        "f1_non_pa": 0.40365448504983387,
        "precision_pa": 0.9994797086368367,
        "recall_pa": 1.0,
        "precision_non_pa": 0.997946611909651,
        "recall_non_pa": 0.25299323269130664,
        "auroc": 0.7093383075944243,
        "auc_pr": 0.9883538205126707,
        "threshold_pct": 99,
        "threshold_val": 0.9915162020921707,
        "prevalence": 0.9726582278481013
      },
      {
        "seed": 123,
        "f1_pa": 0.9997397866250325,
        "f1_non_pa": 0.30511463844797176,
        "precision_pa": 0.9994797086368367,
        "recall_pa": 1.0,
        "precision_non_pa": 0.9971181556195965,
        "recall_non_pa": 0.18011452368558042,
        "auroc": 0.6667630670754043,
        "auc_pr": 0.9855724556282978,
        "threshold_pct": 99,
        "threshold_val": 0.9928425580263138,
        "prevalence": 0.9726582278481013
      },
      {
        "seed": 456,
        "f1_pa": 0.9997397866250325,
        "f1_non_pa": 0.29155555555555557,
        "precision_pa": 0.9994797086368367,
        "recall_pa": 1.0,