{
  "dataset": "BATADAL",
  "n_seeds": 3,
  "auprc_mean": 0.19600630932936122,
  "auprc_std": 0.01301152821185506,
  "auroc_mean": 0.7278697143141146,
  "auroc_std": 0.024616146647824536,
  "f1_mean": 0.323071034149367,
  "f1_std": 0.022844033346673287,
  "results": [
    {
      "dataset": "BATADAL",
      "seed": 42,
      "n_channels": 43,
      "patch_size": 16,
      "pretrain_best_loss": 0.05299271270632744,
      "pretrain_time_s": 13.989935159683228,
      "ft_best_val": 8.859713554382324,
      "ft_time_s": 3.950843095779419,
      "eval_time_s": 1.2003216743469238,
      "auprc": 0.21177395487716463,
      "auroc": 0.7442564220589779,
      "f1_best": 0.3309002433090024,
      "precision_best": 0.21694434597660403,
      "recall_best": 0.6970387243735763,
      "prevalence": 0.11646106910730866,
      "monotonicity_violation_rate": 0.18090374497059733,
      "per_horizon_auprc": {
        "1": 0.1653454493255331,
        "3": 0.18628625426343998,
        "6": 0.19424112169045185,
        "12": 0.22711495444474183,
        "24": 0.23404766563620438,
        "48": 0.2387972911752677,
        "72": 0.2587923202669707
      },
      "per_horizon_auroc": {
        "1": 0.7831494483450351,
        "3": 0.796336258571908,
        "6": 0.7966340200382754,
        "12": 0.8075314228255405,
        "24": 0.7708093402099712,
        "48": 0.6603912882982651,
        "72": 0.6007902639481587
      },
      "surface_path": "/home/sagemaker-user/IndustrialJEPA/fam-jepa/experiments/v24/surfaces/BATADAL_s42.npz",
      "ckpt_path": "/home/sagemaker-user/IndustrialJEPA/fam-jepa/experiments/v24/ckpts/BATADAL_s42_pretrain.pt",
      "ft_ckpt_path": "/home/sagemaker-user/IndustrialJEPA/fam-jepa/experiments/v24/ckpts/BATADAL_s42_pred_ft.pt"
    },
    {
      "dataset": "BATADAL",
      "seed": 123,
      "n_channels": 43,
      "patch_size": 16,
      "pretrain_best_loss": 0.04903716966509819,
      "pretrain_time_s": 15.13020133972168,
      "ft_best_val": 6.0028862953186035,
      "ft_time_s": 4.1453869342803955,
      "eval_time_s": 0.41642260551452637,
      "auprc": 0.17990751150857248,
      "auroc": 0.6930767576129915,
      "f1_best": 0.292012325195544,
      "precision_best": 0.184375935348698,
      "recall_best": 0.7015945330296127,
      "prevalence": 0.11646106910730866,
      "monotonicity_violation_rate": 0.07458991024450634,
      "per_horizon_auprc": {
        "1": 0.13306969472543922,
        "3": 0.1324780903577572,
        "6": 0.13517271576429424,
        "12": 0.1588133098805286,
        "24": 0.18177226369945393,
        "48": 0.20763043133542497,
        "72": 0.24500632217237947
      },
      "per_horizon_auroc": {
        "1": 0.7043756268806419,
        "3": 0.7006066273437874,
        "6": 0.6963750985027581,
        "12": 0.7165409753645048,
        "24": 0.7041293208485637,
        "48": 0.6290653123050878,
        "72": 0.5828670776039196
      },
      "surface_path": "/home/sagemaker-user/IndustrialJEPA/fam-jepa/experiments/v24/surfaces/BATADAL_s123.npz",
      "ckpt_path": "/home/sagemaker-user/IndustrialJEPA/fam-jepa/experiments/v24/ckpts/BATADAL_s123_pretrain.pt",
      "ft_ckpt_path": "/home/sagemaker-user/IndustrialJEPA/fam-jepa/experiments/v24/ckpts/BATADAL_s123_pred_ft.pt"
    },
    {
      "dataset": "BATADAL",
      "seed": 456,
      "n_channels": 43,
      "patch_size": 16,
      "pretrain_best_loss": 0.049751754850149155,
      "pretrain_time_s": 13.826690196990967,
      "ft_best_val": 9.805557250976562,
      "ft_time_s": 4.02490758895874,
      "eval_time_s": 0.5028300285339355,
      "auprc": 0.19633746160234652,
      "auroc": 0.7462759632703745,
      "f1_best": 0.34630053394355453,
      "precision_best": 0.22291325695581016,
      "recall_best": 0.775626423690205,
      "prevalence": 0.11646106910730866,
      "monotonicity_violation_rate": 0.3401423707830393,
      "per_horizon_auprc": {
        "1": 0.15810672941132203,
        "3": 0.16812290677744188,
        "6": 0.18559597061337968,
        "12": 0.19109631806419375,
        "24": 0.2147808816397225,
        "48": 0.22515620359702437,
        "72": 0.2523956131030456
      },
      "per_horizon_auroc": {
        "1": 0.8026955867602809,
        "3": 0.8068623219680621,
        "6": 0.8089721940785771,
        "12": 0.7849170437405731,
        "24": 0.7606946739438851,
        "48": 0.6611232036252085,
        "72": 0.6062588904694168
      },
      "surface_path": "/home/sagemaker-user/IndustrialJEPA/fam-jepa/experiments/v24/surfaces/BATADAL_s456.npz",
      "ckpt_path": "/home/sagemaker-user/IndustrialJEPA/fam-jepa/experiments/v24/ckpts/BATADAL_s456_pretrain.pt",
      "ft_ckpt_path": "/home/sagemaker-user/IndustrialJEPA/fam-jepa/experiments/v24/ckpts/BATADAL_s456_pred_ft.pt"
    }
  ]
}