{
  "100pct": {
    "budget": 1.0,
    "pretrained_e2e": {
      "mean": 14.178023529052734,
      "std": 0.5474677060159172,
      "all": [
        14.359322547912598,
        14.985269546508789,
        14.403158187866211,
        13.455222129821777,
        13.687145233154297
      ]
    },
    "scratch_e2e": {
      "mean": 22.9863224029541,
      "std": 2.330856772137716,
      "all": [
        19.00242042541504,
        22.159975051879883,
        25.932308197021484,
        24.229557037353516,
        23.607351303100586
      ]
    },
    "frozen_probe": {
      "mean": 16.70315589904785,
      "std": 0.9496923702048843,
      "all": [
        16.288816452026367,
        16.015689849853516,
        18.359376907348633,
        17.121841430664062,
        15.73005485534668
      ]
    },
    "delta_mean": 8.808298873901368,
    "interpretation": "STRONG: Pretraining does real work under E2E",
    "per_seed": [
      {
        "seed": 42,
        "pretrained_e2e_rmse": 14.359322547912598,
        "scratch_e2e_rmse": 19.00242042541504,
        "frozen_rmse": 16.288816452026367,
        "delta": 4.643097877502441,
        "val_pre": 7.379103183746338,
        "val_scratch": 7.611377239227295,
        "val_frozen": 18.207759857177734,
        "n_engines": 85,
        "wall_time_s": 56.212547063827515
      },
      {
        "seed": 123,
        "pretrained_e2e_rmse": 14.985269546508789,
        "scratch_e2e_rmse": 22.159975051879883,
        "frozen_rmse": 16.015689849853516,
        "delta": 7.174705505371094,
        "val_pre": 7.586889266967773,
        "val_scratch": 6.70858907699585,
        "val_frozen": 17.037641525268555,
        "n_engines": 85,
        "wall_time_s": 53.03084206581116
      },
      {
        "seed": 456,
        "pretrained_e2e_rmse": 14.403158187866211,
        "scratch_e2e_rmse": 25.932308197021484,
        "frozen_rmse": 18.359376907348633,
        "delta": 11.529150009155273,
        "val_pre": 5.898672103881836,
        "val_scratch": 7.2443037033081055,
        "val_frozen": 17.15355682373047,
        "n_engines": 85,
        "wall_time_s": 45.86540937423706
      },
      {
        "seed": 789,
        "pretrained_e2e_rmse": 13.455222129821777,
        "scratch_e2e_rmse": 24.229557037353516,
        "frozen_rmse": 17.121841430664062,
        "delta": 10.774334907531738,
        "val_pre": 6.938712120056152,
        "val_scratch": 4.53916072845459,
        "val_frozen": 15.824767112731934,
        "n_engines": 85,
        "wall_time_s": 53.935510873794556
      },
      {
        "seed": 1024,
        "pretrained_e2e_rmse": 13.687145233154297,
        "scratch_e2e_rmse": 23.607351303100586,
        "frozen_rmse": 15.73005485534668,
        "delta": 9.920206069946289,
        "val_pre": 5.643061637878418,
        "val_scratch": 6.538130760192871,
        "val_frozen": 18.267797470092773,
        "n_engines": 85,
        "wall_time_s": 48.34627413749695
      }
    ]
  },
  "20pct": {
    "budget": 0.2,
    "pretrained_e2e": {
      "mean": 17.99761390686035,
      "std": 1.3683480555706615,
      "all": [
        16.89493179321289,
        19.798583984375,
        16.554048538208008,
        19.497390747070312,
        17.243114471435547
      ]
    },
    "scratch_e2e": {
      "mean": 32.50425682067871,
      "std": 1.4986652763607575,
      "all": [
        31.16556167602539,
        32.29133224487305,
        33.1405143737793,
        35.03181457519531,
        30.892061233520508
      ]
    },
    "frozen_probe": {
      "mean": 19.494648361206053,
      "std": 1.58250589945197,
      "all": [
        20.039043426513672,
        19.154916763305664,
        18.875530242919922,
        22.114410400390625,
        17.28934097290039
      ]
    },
    "delta_mean": 14.50664291381836,
    "interpretation": "STRONG: Pretraining does real work under E2E",
    "per_seed": [
      {
        "seed": 42,
        "pretrained_e2e_rmse": 16.89493179321289,
        "scratch_e2e_rmse": 31.16556167602539,
        "frozen_rmse": 20.039043426513672,
        "delta": 14.2706298828125,
        "val_pre": 19.197908401489258,
        "val_scratch": 14.682757377624512,
        "val_frozen": 21.350250244140625,
        "n_engines": 17,
        "wall_time_s": 13.611230850219727
      },
      {
        "seed": 123,
        "pretrained_e2e_rmse": 19.798583984375,
        "scratch_e2e_rmse": 32.29133224487305,
        "frozen_rmse": 19.154916763305664,
        "delta": 12.492748260498047,
        "val_pre": 15.277812957763672,
        "val_scratch": 9.957463264465332,
        "val_frozen": 16.832731246948242,
        "n_engines": 17,
        "wall_time_s": 14.770323276519775
      },
      {
        "seed": 456,
        "pretrained_e2e_rmse": 16.554048538208008,
        "scratch_e2e_rmse": 33.1405143737793,
        "frozen_rmse": 18.875530242919922,
        "delta": 16.58646583557129,
        "val_pre": 15.225593566894531,
        "val_scratch": 7.584385395050049,
        "val_frozen": 16.895538330078125,
        "n_engines": 17,
        "wall_time_s": 15.504684925079346
      },
      {
        "seed": 789,
        "pretrained_e2e_rmse": 19.497390747070312,
        "scratch_e2e_rmse": 35.03181457519531,
        "frozen_rmse": 22.114410400390625,
        "delta": 15.534423828125,
        "val_pre": 14.916010856628418,
        "val_scratch": 9.33006763458252,
        "val_frozen": 16.55806541442871,
        "n_engines": 17,
        "wall_time_s": 13.050965785980225
      },
      {
        "seed": 1024,
        "pretrained_e2e_rmse": 17.243114471435547,
        "scratch_e2e_rmse": 30.892061233520508,
        "frozen_rmse": 17.28934097290039,
        "delta": 13.648946762084961,
        "val_pre": 20.577896118164062,
        "val_scratch": 31.938222885131836,
        "val_frozen": 23.461904525756836,
        "n_engines": 17,
        "wall_time_s": 16.073291063308716
      }
    ]
  },
  "10pct": {
    "budget": 0.1,
    "pretrained_e2e": {
      "mean": 19.968635177612306,
      "std": 2.185230836611879,
      "all": [
        19.30607032775879,
        19.632795333862305,
        17.938650131225586,
        18.779315948486328,
        24.186344146728516
      ]
    },
    "scratch_e2e": {
      "mean": 35.59007797241211,
      "std": 2.66730020348011,
      "all": [
        33.905757904052734,
        35.256099700927734,
        40.00304412841797,
        32.12531280517578,
        36.66017532348633
      ]
    },
    "frozen_probe": {
      "mean": 19.82845993041992,
      "std": 0.8272985233299796,
      "all": [
        19.476238250732422,
        20.3837947845459,
        18.629262924194336,
        19.600040435791016,
        21.052963256835938
      ]
    },
    "delta_mean": 15.621442794799805,
    "interpretation": "STRONG: Pretraining does real work under E2E",
    "per_seed": [
      {
        "seed": 42,
        "pretrained_e2e_rmse": 19.30607032775879,
        "scratch_e2e_rmse": 33.905757904052734,
        "frozen_rmse": 19.476238250732422,
        "delta": 14.599687576293945,
        "val_pre": 17.723398208618164,
        "val_scratch": 25.475099563598633,
        "val_frozen": 19.020586013793945,
        "n_engines": 8,
        "wall_time_s": 9.662265062332153
      },
      {
        "seed": 123,
        "pretrained_e2e_rmse": 19.632795333862305,
        "scratch_e2e_rmse": 35.256099700927734,
        "frozen_rmse": 20.3837947845459,
        "delta": 15.62330436706543,
        "val_pre": 21.01698112487793,
        "val_scratch": 12.677661895751953,
        "val_frozen": 24.97807502746582,
        "n_engines": 8,
        "wall_time_s": 8.903378963470459
      },
      {
        "seed": 456,
        "pretrained_e2e_rmse": 17.938650131225586,
        "scratch_e2e_rmse": 40.00304412841797,
        "frozen_rmse": 18.629262924194336,
        "delta": 22.064393997192383,
        "val_pre": 20.930774688720703,
        "val_scratch": 26.039962768554688,
        "val_frozen": 14.764945983886719,
        "n_engines": 8,