{
  "100pct": {
    "with_wd": {
      "mean": 14.28914566040039,
      "std": 0.8119184006514693,
      "all": [
        14.066783905029297,
        15.883570671081543,
        13.818803787231445,
        14.034051895141602,
        13.642518043518066
      ]
    },
    "without_wd": {
      "mean": 14.20858325958252,
      "std": 0.40632210911927913,
      "all": [
        14.38180160522461,
        14.924056053161621,
        14.023834228515625,
        13.827604293823242,
        13.8856201171875
      ]
    },
    "delta": 0.08056240081787003
  },
  "5pct": {
    "with_wd": {
      "mean": 30.072146224975587,
      "std": 5.379036096008475,
      "all": [
        33.36137771606445,
        38.832916259765625,
        27.859777450561523,
        26.53462028503418,
        23.77203941345215
      ]
    },
    "without_wd": {
      "mean": 27.707856369018554,
      "std": 6.05873469654841,
      "all": [
        28.443857192993164,
        37.34952163696289,
        18.438262939453125,
        25.831199645996094,
        28.4764404296875
      ]
    },
    "delta": 2.3642898559570327
  },
  "wall_time_total_s": 335.66249680519104
}