{
  "rmse_mean": 0.13947864952189903,
  "rmse_std": 0.005967752550220661,
  "rmses": [
    0.13421113862746487,
    0.13234563967888,
    0.14720004964103803,
    0.13801842382527038,
    0.1456179958368419
  ]
}