{
  "rmse_mean": 0.17947010374830272,
  "rmse_std": 0.006210031391621783,
  "rmses": [
    0.17340534885973302,
    0.18779289215714426,
    0.17946427915303184,
    0.17185415590475575,
    0.1848338426668487
  ]
}