{
  "rmse_mean": 0.14890893947458506,
  "rmse_std": 0.0018198224003660572,
  "rmses": [
    0.14964336990229926,
    0.1509859085462244,
    0.14552899264948718,
    0.1489483502213421,
    0.14943807605357234
  ]
}