{
  "ensemble_mean_rmse": 0.08728,
  "ensemble_std_rmse": 0.0017645396000090232,
  "ensemble_seeds": [
    0.0869,
    0.0861,
    0.0858,
    0.0869,
    0.0907
  ],
  "hetero_rmse": 0.08681956682359392,
  "hetero_picp_90": 0.9095442820292348
}