{
  "probe": "227_10seed_final_validation",
  "lr_120feat_mean": 0.8225110473766201,
  "lr_120feat_std": 0.0,
  "lr_120feat_seeds": [
    0.8225110473766201,
    0.8225110473766201,
    0.8225110473766201,
    0.8225110473766201,
    0.8225110473766201,
    0.8225110473766201,
    0.8225110473766201,
    0.8225110473766201,
    0.8225110473766201,
    0.8225110473766201
  ],
  "ensemble_120feat_mean": 0.8251837335670974,
  "ensemble_120feat_std": 0.0008250936290262942,
  "ensemble_120feat_seeds": [
    0.8242461554786071,
    0.8237404760895954,
    0.8253317888465992,
    0.825171435670325,
    0.825734727664486,
    0.8256755907571065,
    0.8264878420906582,
    0.8261489380790208,
    0.8248457734051495,
    0.8244546075894252
  ],
  "n_seeds": 10
}