{
  "probe": "68b_auprc_full",
  "oracle": {
    "auroc": 0.7471857128315706,
    "auprc": 0.5220530677098543
  },
  "lr": {
    "auroc": 0.6344885465419428,
    "auprc": 0.13358780729899047
  },
  "tf_5seed": {
    "aurocs": [
      0.6205,
      0.6176722848542636,
      0.6081121996414497,
      0.6049787798904407,
      0.6078720062819002
    ],
    "auprcs": [
      0.1067,
      0.10518382165952775,
      0.1027595522222686,
      0.10472914875608279,
      0.10284766981520843
    ],
    "auroc_mean": 0.6118270541336109,
    "auroc_std": 0.006094720989444871,
    "auprc_mean": 0.10444403849061752,
    "auprc_std": 0.0014902225517267732
  },
  "random_baseline_auprc": 0.07704851031303406
}