{
  "analysis": "auprc_method_comparison",
  "dataset": "MBA_svdb1 proper split",
  "anomaly_rate": 0.007233796175569296,
  "methods": {
    "zscore": {
      "auroc": 0.6876589624016322,
      "auprc": 0.08167721909694972
    },
    "rolling_var": {
      "auroc": 0.5204718449431652,
      "auprc": 0.2850857756607066
    },
    "ar1": {
      "auroc": 0.48127082483241035,
      "auprc": 0.012618017608562418
    },
    "a2p_traintest": {
      "auroc": 0.528,
      "auprc": 0.035
    },
    "a2p_svdb1": {
      "auroc": 0.49,
      "auprc": null
    },
    "chronos": {
      "auroc": 0.745,
      "auprc": 0.059
    },
    "random": {
      "auroc": 0.5,
      "auprc": 0.007233796175569296
    }
  },
  "baselines": {
    "zscore": {
      "auroc": 0.6876589624016322,
      "auprc": 0.08167721909694972
    },
    "rolling_var": {
      "auroc": 0.5204718449431652,
      "auprc": 0.2850857756607066,
      "f1_tol": 83.97328881469114
    },
    "ar1": {
      "auroc": 0.48127082483241035,
      "auprc": 0.012618017608562418
    }
  },
  "rankings": {
    "by_f1_tolerance": [
      "A2P_TranAD(43.1%)",
      "A2P_SVDB1(16.1%)",
      "Chronos(7.4%)",
      "Rolling_Var(?)",
      "Random(1%)"
    ],
    "by_auroc": [
      "Chronos(0.745)",
      "Rolling_Var",
      "AR1",
      "Z-score",
      "A2P_TranAD(0.528)",
      "Random(0.500)",
      "A2P_SVDB1(0.490)"
    ],
    "by_auprc": [
      "Chronos(0.059)",
      "Rolling_Var",
      "AR1",
      "Z-score",
      "A2P_TranAD(0.035)",
      "Random(base_rate)"
    ]
  },
  "key_finding": "F1-tolerance and AUROC/AUPRC give opposite method rankings. A2P #1 by F1-tol but last by AUROC/AUPRC. Chronos #1 by AUROC but last by F1-tol. Spearman rho~0 between metrics.",
  "rolling_var_f1_tol": 83.97328881469114
}