{
  "probe": "158_autocorrelation_features",
  "var_20bin_6040": 0.7807928086181865,
  "acf_19lag_6040": 0.6591538355828808,
  "var_plus_acf_6040": 0.7791150585240819,
  "var_40bin_6040": 0.7804014530940985,
  "var40_plus_acf_6040": 0.7690646901718976
}