{
  "probe": "160_better_evaluation_protocol",
  "method": "LR 20-bin, 5-fold temporal CV",
  "protocol_results": {
    "h50_100": {
      "standard": {
        "mean": 0.6449208658657474,
        "std": 0.021428511460631877
      },
      "strict": {
        "mean": 0.7979832558995341,
        "std": 0.0167032086555507
      },
      "contamination_rate": 0.6643717728055077,
      "std_pos": 3486,
      "str_pos": 1170
    },
    "h75_125": {
      "standard": {
        "mean": 0.645126007546904,
        "std": 0.020893831041892914
      },
      "strict": {
        "mean": 0.7935381980126204,
        "std": 0.021342847080212127
      },
      "contamination_rate": 0.6643717728055077,
      "std_pos": 3486,
      "str_pos": 1170
    },
    "h100_150": {
      "standard": {
        "mean": 0.6438115858150908,
        "std": 0.021783128676172322
      },
      "strict": {
        "mean": 0.7909794303023479,
        "std": 0.020276201345429106
      },
      "contamination_rate": 0.6643717728055077,
      "std_pos": 3486,
      "str_pos": 1170
    },
    "h125_175": {
      "standard": {
        "mean": 0.6364988092116279,
        "std": 0.018609544186262025
      },
      "strict": {
        "mean": 0.7889498800495731,
        "std": 0.02085102593372256
      },
      "contamination_rate": 0.6643717728055077,
      "std_pos": 3486,
      "str_pos": 1170
    },
    "h150_200": {
      "standard": {
        "mean": 0.611989370890713,
        "std": 0.015321027641387772
      },
      "strict": {
        "mean": 0.7468507827793165,
        "std": 0.029701285586526543
      },
      "contamination_rate": 0.6643717728055077,
      "std_pos": 3486,
      "str_pos": 1170
    }
  }
}