{
  "probe": "140_bin_ablation",
  "full_auroc": 0.7807260742829154,
  "loo_deltas": {
    "t=0-10": -7.839846129953365e-05,
    "t=10-20": -0.0007960803755959756,
    "t=20-30": -0.0018560275723654707,
    "t=30-40": -0.0018297454215298048,
    "t=40-50": -0.0022074020093899582,
    "t=50-60": -0.006993142747918402,
    "t=60-70": -0.016397822165410303,
    "t=70-80": -0.016000752625228376,
    "t=80-90": -0.015580238211858055,
    "t=90-100": -0.01514016151576325,
    "t=100-110": -0.015273961556381166,
    "t=110-120": -0.02507033461956587,
    "t=120-130": -0.02769690706870398,
    "t=130-140": -0.03173226253479389,
    "t=140-150": -0.03749776004396288,
    "t=150-160": -0.04023304502610281,
    "t=160-170": -0.02625034345992583,
    "t=170-180": -0.00634430214916315,
    "t=180-190": -0.002320743784868684,
    "t=190-200": -0.00015963420024611708
  },
  "coefs": {
    "t=0-10": 0.1437517478118183,
    "t=10-20": -0.06458917938929924,
    "t=20-30": -0.09510698451469579,
    "t=30-40": -0.06933224599357644,
    "t=40-50": -0.10252765638747684,
    "t=50-60": -0.18180333222530032,
    "t=60-70": -0.30578970149283935,
    "t=70-80": -0.3452410343763067,
    "t=80-90": -0.3754143645501092,
    "t=90-100": -0.4001579714808416,
    "t=100-110": -0.6178333347394454,
    "t=110-120": -1.1093364598636737,
    "t=120-130": -1.528020223694642,
    "t=130-140": -1.4448472856261776,
    "t=140-150": -1.8996753228275503,
    "t=150-160": -1.2569364004395651,
    "t=160-170": -0.5214006232512558,
    "t=170-180": -0.20123735278162636,
    "t=180-190": -0.11215765247252936,
    "t=190-200": -0.021765427814647118
  },
  "single_aurocs": {
    "t=0-10": 0.5242891126190163,
    "t=10-20": 0.5469683688341477,
    "t=20-30": 0.6063917892171503,
    "t=30-40": 0.6315289491918238,
    "t=40-50": 0.6156617726116096,
    "t=50-60": 0.559965863069994,
    "t=60-70": 0.5165613389561208,
    "t=70-80": 0.5743080029149294,
    "t=80-90": 0.6146201183891431,
    "t=90-100": 0.6391418131100147,
    "t=100-110": 0.6048055270168564,
    "t=110-120": 0.5233395205896758,
    "t=120-130": 0.5555406805882424,
    "t=130-140": 0.6313461687791941,
    "t=140-150": 0.6836850562079635,
    "t=150-160": 0.6826992515560228,
    "t=160-170": 0.617438281744657,
    "t=170-180": 0.5026058155231939,
    "t=180-190": 0.5747592793912097,
    "t=190-200": 0.6367587985473139
  },
  "most_critical_bins": [
    "t=50-60",
    "t=60-70",
    "t=70-80",
    "t=80-90",
    "t=90-100",
    "t=100-110",
    "t=110-120",
    "t=120-130",
    "t=130-140",
    "t=140-150",
    "t=150-160",
    "t=160-170",
    "t=170-180"
  ]
}