{
  "best_period_auroc": 0.6322015162562865,
  "best_period": 1372,
  "dist_to_last_auroc": 0.5276523578938184
}