{
  "probe": "150_bootstrap_significance",
  "lr_20bin_strict": {
    "auroc": 0.7807928086181865,
    "ci_95": [
      0.7630610820898291,
      0.7974124440569134
    ],
    "bootstrap_sd": 0.00888417977991935
  },
  "lr_4feat_strict": {
    "auroc": 0.675336535876248,
    "ci_95": [
      0.6553602947249276,
      0.696131691697949
    ],
    "bootstrap_sd": 0.010458701708756905
  },
  "oracle_strict": {
    "auroc": 0.6095132254267567,
    "ci_95": [
      0.5894621067031454,
      0.6307121077074767
    ]
  },
  "significance": {
    "lr20_vs_lr4": {
      "delta": 0.10545627274193847,
      "p_value": 0.0
    },
    "lr20_vs_oracle": {
      "delta": 0.17127958319142977,
      "p_value": 0.0
    }
  }
}