{
  "probe": "210_base_maxvar_coefs",
  "n_features": 120,
  "base_coefs": [
    -0.031030677363020922,
    0.06734377919929978,
    0.15063418638229759,
    0.19106057076923824,
    0.17430954261207365,
    0.32759441130440176,
    0.24030994251084822,
    0.14085133667254343,
    0.15999147104256992,
    0.12047954419067153,
    0.07706672129917622,
    0.0498276824059416,
    -7.453739488904774e-05,
    0.05476757527416258,
    0.2023709699858671,
    0.37707541333558314,
    0.07597708984596298,
    -0.014368766089741497,
    -0.33301366546553995,
    -0.7586661579618336,
    -0.8597029447785811,
    -0.7709020014346962,
    -0.6236194717807519,
    -0.47031468425359163,
    -0.3711671736831804,
    -0.2621693042347937,
    -0.24517000704558983,
    -0.29412497918162156,
    -0.27733983790652667,
    -0.3651766456798216,
    -0.2691884728359617,
    -0.3537935420683079,
    -0.32472855045168597,
    -0.2868151636807895,
    -0.10375473809244555,
    -0.2815684893152077,
    -0.1616226423066333,
    -0.05682345536851217,
    0.14607061317738357,
    0.1966164710906498,
    0.21231093218587524,
    0.08309507352058929,
    0.035446686546554175,
    -0.07696446514650304,
    -0.1984605228783353,
    -0.45664586066392715,
    -0.6433713414982255,
    -0.44354452413677065,
    -0.23015607190077192,
    -0.1857721708565636,
    -0.4255567454021996,
    -0.5951185847867103,
    -0.8051186535248468,
    -0.8463078454376715,
    -1.0147245458402319,
    -0.7999490302927372,
    -0.8190704273114505,
    -0.4863697613813362,
    -0.46818930678993226,
    -0.527593487434548
  ],
  "maxvar_coefs": [
    0.08071860451807819,
    0.01545283480786218,
    -0.08692323745728124,
    -0.13200702142133058,
    -0.10365055389722007,
    -0.19731052185173537,
    -0.14497946662259675,
    -0.008818714480837974,
    -0.05872782404567089,
    0.03185820434511826,
    0.06779814867349696,
    0.0773508778330429,
    0.07589981985383247,
    0.024141894616551897,
    -0.13719464508488582,
    -0.3376528569339181,
    -0.14538693595864965,
    0.01158397501424045,
    0.42987207856618875,
    0.8323071565759323,
    0.8312144165323743,
    0.7153641714809138,
    0.518024310426426,
    0.31189541974192325,
    0.17168993702079605,
    0.08016978392333592,
    0.04902675164634209,
    0.10720281692698737,
    0.09200435336676553,
    0.17729417107054637,
    0.13764644628772518,
    0.30168282282469994,
    0.23510606933089484,
    0.23103782948138493,
    0.06870086239748964,
    0.26271074891416313,
    0.20912092620487563,
    0.15873444756971347,
    -0.07349309003368544,
    -0.16790602405421065,
    -0.16616996211136512,
    -0.127264887897742,
    -0.06960052533413053,
    0.1743268398185568,
    0.20150572124477242,
    0.3178976927919407,
    0.38858575761381114,
    0.10348659880759606,
    -0.20336202972057496,
    -0.2685486661353113,
    -0.23703677867751535,
    -0.5331739457925625,
    -0.6460317650235612,
    -0.7596171129904147,
    -0.9720215186136294,
    -0.6113123138139551,
    0.08893932928962867,
    0.1218732149810506,
    0.23940205267177708,
    0.4258431122362442
  ],
  "zone_summary": {
    "base": {
      "FAR_mean": 0.06362532162778063,
      "GAP_mean": -0.3017647509915332,
      "NEAR_mean": -0.4346030326514871
    },
    "maxvar": {
      "FAR_mean": 0.014716590852510892,
      "GAP_mean": 0.22086135855297306,
      "NEAR_mean": -0.12661395933276923
    }
  }
}