{
  "probe": "145_comprehensive_table",
  "cv_results": {
    "oracle_std": {
      "mean": 0.6293362064070619,
      "std": 0.015576816394485394,
      "folds": [
        0.630245030445765,
        0.6458447016025339,
        0.6424182504192286,
        0.6264069187595898,
        0.6017661308081921
      ]
    },
    "oracle_late": {
      "mean": 0.9826967399404503,
      "std": 0.004130054540789092,
      "folds": [
        0.9795354427753847,
        0.9774986671684385,
        0.9858789826718839,
        0.9817678470483728,
        0.9888027600381708
      ]
    },
    "lr_4feat": {
      "mean": 0.6921105579471519,
      "std": 0.022190645630912924,
      "folds": [
        0.7202888381798435,
        0.7157221856346891,
        0.6830086640581331,
        0.66313040054914,
        0.6784027013139543
      ]
    },
    "lr_20bin": {
      "mean": 0.7908907779965452,
      "std": 0.020260388655281486,
      "folds": [
        0.8174614699386205,
        0.808536916820857,
        0.7812010899944103,
        0.7867625979164985,
        0.7604918153123394
      ]
    },
    "rf_20bin": {
      "mean": 0.7441668427993242,
      "std": 0.019636080398411776,
      "folds": [
        0.7557142247007285,
        0.7633889463835837,
        0.7556124231414197,
        0.7372541993054995,
        0.7088644204653894
      ]
    },
    "gbm_20bin": {
      "mean": 0.7667090731715748,
      "std": 0.032337084742135966,
      "folds": [
        0.8064762840303115,
        0.7936669593669312,
        0.7605229877026272,
        0.7593472401679722,
        0.7135318945900315
      ]
    }
  },
  "tf_strict_auroc_ref": 0.723,
  "lr_20bin_cv": 0.7908907779965452,
  "gbm_20bin_cv": 0.7667090731715748,
  "oracle_std_cv": 0.6293362064070619
}