{
  "probe": "142_7bin_cv",
  "seven_bins": [
    14,
    15,
    9,
    19,
    3,
    13,
    16
  ],
  "lr20_cv": {
    "mean": 0.7909794303023479,
    "std": 0.020276201345429106,
    "folds": [
      0.8175212267603572,
      0.8085987793662737,
      0.781556999161777,
      0.7868112461147216,
      0.7604089001086095
    ]
  },
  "lr7_cv": {
    "mean": 0.748241785963424,
    "std": 0.016836394638784398,
    "folds": [
      0.7672308837163909,
      0.7562735139202408,
      0.7574762503492595,
      0.7412883986598313,
      0.7189398831713976
    ]
  },
  "lr4_cv": {
    "mean": 0.7064127989064388,
    "std": 0.023334750340868238
  },
  "oracle_cv": {
    "mean": 0.6294023860624633,
    "std": 0.01536237419306668
  }
}