{
  "probe": "164_data_augmentation",
  "baseline": 0.7807928086181865,
  "balanced": 0.7791316388535374,
  "balanced_C0.3": 0.7789573213357471,
  "balanced_C1.0": 0.7791316388535374,
  "balanced_C3.0": 0.7791630070443994,
  "balanced_C10.0": 0.7791694300549091
}