{
  "checkpoint_epochs": [
    10,
    20,
    30,
    50,
    75,
    100
  ],
  "seeds": [
    42,
    1,
    2,
    99,
    7
  ],
  "results": {
    "10": [
      0.6231172735638774,
      0.5902322059565875,
      0.608300718970134,
      0.6060330339874902,
      0.6044134815728848
    ],
    "20": [
      0.6297693312809135,
      0.5782883639430557,
      0.6014848104316105,
      0.6090202603747951,
      0.5965999266696166
    ],
    "30": [
      0.6207133924546566,
      0.5636716242576078,
      0.580727040630849,
      0.5925723384498414,
      0.5944067665455571
    ],
    "50": [
      0.6178726190995527,
      0.5682985273680209,
      0.5626411298280163,
      0.5812596207178069,
      0.6003462939073462
    ],
    "75": [
      0.6014530010407513,
      0.5785238832696625,
      0.5673247705049825,
      0.5541288069998317,
      0.5799677699461758
    ],
    "100": [
      0.6148725391216557,
      0.5672964666388302,
      0.5681198754422154,
      0.5648973893968005,
      0.5960959101173078
    ]
  },
  "summary": {
    "10": {
      "mean": 0.6064193428101948,
      "std": 0.010474316980473889,
      "min": 0.5902322059565875,
      "max": 0.6231172735638774
    },
    "20": {
      "mean": 0.6030325385399983,
      "std": 0.016773532920038078,
      "min": 0.5782883639430557,
      "max": 0.6297693312809135
    },
    "30": {
      "mean": 0.5904182324677023,
      "std": 0.018695697608116384,
      "min": 0.5636716242576078,
      "max": 0.6207133924546566
    },
    "50": {
      "mean": 0.5860836381841485,
      "std": 0.02050899883077296,
      "min": 0.5626411298280163,
      "max": 0.6178726190995527
    },
    "75": {
      "mean": 0.5762796463522808,
      "std": 0.015640883138207103,
      "min": 0.5541288069998317,
      "max": 0.6014530010407513
    },
    "100": {
      "mean": 0.5822564361433619,
      "std": 0.019901360523085942,
      "min": 0.5648973893968005,
      "max": 0.6148725391216557
    }
  }
}