{
  "probe": "165b_extended_context_cv",
  "results": {
    "seq200": {
      "mean": 0.7884125691093468,
      "std": 0.024479525239840393
    },
    "seq400": {
      "mean": 0.8065669964175374,
      "std": 0.018952651964563562
    },
    "seq600": {
      "mean": 0.8196992434407264,
      "std": 0.012221669199647447
    },
    "seq800": {
      "mean": 0.8207558209658495,
      "std": 0.016456201023433422
    }
  }
}