{
  "feature_names": [
    "ch0_full_var",
    "ch0_last50_var",
    "ch0_last100_var",
    "ch0_first50_var",
    "ch1_full_var",
    "ch1_last50_var",
    "ch1_last100_var",
    "ch1_first50_var"
  ],
  "lr_coefficients": {
    "ch0_last100_var": -1.17843587636594,
    "ch0_last50_var": 0.799649126198089,
    "ch0_full_var": -0.5911668359320011,
    "ch1_last50_var": -0.24844175939826904,
    "ch1_last100_var": 0.21656483635633259,
    "ch0_first50_var": 0.1979906375945754,
    "ch1_full_var": -0.05446252841435921,
    "ch1_first50_var": 0.007419141820374776
  },
  "permutation_importance": {
    "ch0_last100_var": {
      "mean": 0.0641170076633367,
      "std": 0.010819004162893539
    },
    "ch0_full_var": {
      "mean": 0.06230330111366624,
      "std": 0.009792167562550079
    },
    "ch1_last50_var": {
      "mean": 0.06065679510909193,
      "std": 0.007771543672041392
    },
    "ch0_last50_var": {
      "mean": 0.04374040524904288,
      "std": 0.009416771820567183
    },
    "ch1_full_var": {
      "mean": 0.016001525812087268,
      "std": 0.003252153928224433
    },
    "ch0_first50_var": {
      "mean": 0.003968799272097312,
      "std": 0.005568690679969301
    },
    "ch1_first50_var": {
      "mean": 0.00035408396225047325,
      "std": 0.00040983846972734333
    },
    "ch1_last100_var": {
      "mean": -0.005605515774341807,
      "std": 0.008418769773198111
    }
  },
  "top_feature": "ch0_last100_var",
  "top_feature_importance": 0.0641170076633367,
  "ap_rate": 0.09474370628595352,
  "lr_auroc": 0.6160367628271044
}