{
  "probe": "175_fold_breakdown",
  "results": {
    "seq_200": {
      "mean": 0.7884125691093468,
      "std": 0.024479525239840393,
      "folds": [
        0.8259838436100501,
        0.7990732900555084,
        0.7820660983789826,
        0.7841057296293306,
        0.7508338838728621
      ]
    },
    "seq_600": {
      "mean": 0.8196992434407264,
      "std": 0.012221669199647447,
      "folds": [
        0.8107802849630036,
        0.8430934045785532,
        0.8108333333333333,
        0.8204775394577093,
        0.8133116548710329
      ]
    }
  }
}