{
  "probe": "181_gbm_extended",
  "results": {
    "seq_200": {
      "mean": 0.7753045357537509,
      "std": 0.03098209873795939
    },
    "seq_600": {
      "mean": 0.7806105717600491,
      "std": 0.025618302846639993
    }
  }
}