{
  "lr": {
    "near (0-50)": {
      "val_auroc": 0.6990082700765874,
      "test_auroc": 0.6455750788504819,
      "ap_rate": 0.0948210209608078,
      "n_sequences": 36764
    },
    "medium-near (25-75)": {
      "val_auroc": 0.6285950423861483,
      "test_auroc": 0.5172159383906907,
      "ap_rate": 0.0948210209608078,
      "n_sequences": 36764
    },
    "A2P default (100-150)": {
      "val_auroc": 0.667925216891437,
      "test_auroc": 0.6237681860061025,
      "ap_rate": 0.0948210209608078,
      "n_sequences": 36764
    },
    "medium-far (150-200)": {
      "val_auroc": 0.65579379792466,
      "test_auroc": 0.5457551241164134,
      "ap_rate": 0.0948210209608078,
      "n_sequences": 36764
    },
    "far (200-250)": {
      "val_auroc": 0.6337331334332834,
      "test_auroc": 0.5812751999859523,
      "ap_rate": 0.0948210209608078,
      "n_sequences": 36764
    }
  },
  "oracle": {
    "near (0-50)": 0.7209006812284204,
    "medium-near (25-75)": 0.7208716999404511,
    "A2P default (100-150)": 0.7209006942000843,
    "medium-far (150-200)": 0.7208522233080112,
    "far (200-250)": 0.720918551639605
  }
}