{
  "probe": "163_lasso_feature_selection",
  "results": {
    "l1_C0.1": {
      "auroc": 0.7691274265536218,
      "n_nonzero": 18,
      "coefs": [
        0.06894780841675846,
        -0.0003475191440917484,
        -0.02630377476668451,
        0.0,
        -0.020436488566165815,
        -0.06625438547985596,
        -0.13451498805786474,
        -0.12340229979269969,
        -0.10898990574863021,
        -0.11059193764539071,
        -0.33418988414116213,
        -0.7153516671803388,
        -1.0211954490027906,
        -0.9776482944130568,
        -1.232052290871315,
        -0.9118520155312613,
        -0.29505863278255906,
        -0.039573172613783396,
        0.0,
        0.03196153460958497
      ]
    },
    "l2_C0.1": {
      "auroc": 0.7769614081628994
    },
    "l1_C0.3": {
      "auroc": 0.777599526788435,
      "n_nonzero": 19,
      "coefs": [
        0.12141876110887405,
        -0.03869718379354082,
        -0.07106042363078574,
        -0.033252721996162235,
        -0.07308438562919034,
        -0.14062701430016877,
        -0.24478923858616186,
        -0.26530027714810717,
        -0.27664991674713535,
        -0.29403403252897137,
        -0.5057129488964369,
        -0.956258292034134,
        -1.3572445665355517,
        -1.254619210477469,
        -1.775294513175615,
        -1.1431292035592069,
        -0.43546087945990386,
        -0.14014894783199383,
        -0.06970182363952981,
        0.0
      ]
    },
    "l2_C0.3": {
      "auroc": 0.779834883818196
    },
    "l1_C0.5": {
      "auroc": 0.77903469620654,
      "n_nonzero": 20,
      "coefs": [
        0.13116129102899007,
        -0.0493828893503224,
        -0.08238429640175043,
        -0.04737561382554396,
        -0.08612962273700556,
        -0.15956902286164878,
        -0.2737374964645789,
        -0.304895741198733,
        -0.3236956883517046,
        -0.34426865569089654,
        -0.5485246107295096,
        -1.0142517727979197,
        -1.445523533127003,
        -1.324526520832265,
        -1.9790266386273236,
        -1.200319001119186,
        -0.47302256898511036,
        -0.1674242704739303,
        -0.08824144376758959,
        -0.005768221072387383
      ]
    },
    "l2_C0.5": {
      "auroc": 0.7803255719466801
    },
    "l1_C1.0": {
      "auroc": 0.780025482920767,
      "n_nonzero": 20,
      "coefs": [
        0.13782915023597353,
        -0.05848766888636152,
        -0.09168133850705157,
        -0.05837361987802924,
        -0.09730308419780563,
        -0.176039701955955,
        -0.29838434273898423,
        -0.3363634732834612,
        -0.36098326520195034,
        -0.3894528639723368,
        -0.584122507915358,
        -1.061065830693642,
        -1.5226248227565269,
        -1.3829587193333037,
        -2.2024172619294395,
        -1.249388202282858,
        -0.5063919866251354,
        -0.1925513158104139,
        -0.10720369816916026,
        -0.018376636922369582
      ]
    },
    "l2_C1.0": {
      "auroc": 0.7807928086181865
    },
    "l1_C2.0": {
      "auroc": 0.7804250539234138,
      "n_nonzero": 20,
      "coefs": [
        0.14107476921110285,
        -0.06333420840187845,
        -0.0966575315159951,
        -0.06418812851596638,
        -0.10314497190997479,
        -0.1845914999849662,
        -0.3114255899191159,
        -0.3531347999670618,
        -0.38071678884106586,
        -0.41354405337639744,
        -0.601225323454353,
        -1.0840312169671966,
        -1.563175096634529,
        -1.4125208386348402,
        -2.3506472716425266,
        -1.2747444789469253,
        -0.523781165980822,
        -0.205713307990772,
        -0.11718829435061727,
        -0.02498526059744549
      ]
    },
    "l2_C2.0": {
      "auroc": 0.7809713085614248
    },
    "l1_C5.0": {
      "auroc": 0.7806370132702385,
      "n_nonzero": 20,
      "coefs": [
        0.14300404651384577,
        -0.06635236513579357,
        -0.09975463162134575,
        -0.06777349898917842,
        -0.10672240919881217,
        -0.1898221830565566,
        -0.31953885774883956,
        -0.3636026542947949,
        -0.39295291551071193,
        -0.4285702962046991,
        -0.6108502214215304,
        -1.0973216778639299,
        -1.5881588421341162,
        -1.4302857219498821,
        -2.459598551788576,
        -1.290258924400847,
        -0.5344099142288696,
        -0.21377647529525465,
        -0.1233559987809415,
        -0.02907139541779118
      ]
    },
    "l2_C5.0": {
      "auroc": 0.7811414436537668
    }
  },
  "lasso_C0.3_active_bins": [
    0,
    1,
    2,
    3,
    4,
    5,
    6,
    7,
    8,
    9,
    10,
    11,
    12,
    13,
    14,
    15,
    16,
    17,
    18
  ],
  "lasso_C0.3_active_times": [
    "t=[0,10]",
    "t=[10,20]",
    "t=[20,30]",
    "t=[30,40]",
    "t=[40,50]",
    "t=[50,60]",
    "t=[60,70]",
    "t=[70,80]",
    "t=[80,90]",
    "t=[90,100]",
    "t=[100,110]",
    "t=[110,120]",
    "t=[120,130]",
    "t=[130,140]",
    "t=[140,150]",
    "t=[150,160]",
    "t=[160,170]",
    "t=[170,180]",
    "t=[180,190]"
  ]
}