{
  "probe": "146_lead_time_analysis",
  "lead_time_stats": {
    "mean": 124.6025641025641,
    "median": 124.5,
    "std": 14.434058497436864,
    "min": 100,
    "max": 149,
    "p10": 104.9,
    "p25": 112.0,
    "p75": 137.0,
    "p90": 144.10000000000014
  },
  "calm_depth_vs_lead_corr": -0.04054637075795799,
  "horizon_results": {
    "h50_100": {
      "auroc": 0.7869137288398821,
      "n_pos": 1170,
      "pos_rate": 0.03179866282546067
    },
    "h75_125": {
      "auroc": 0.7800117091471738,
      "n_pos": 1170,
      "pos_rate": 0.03180298458778439
    },
    "h100_150": {
      "auroc": 0.7807928086181865,
      "n_pos": 1170,
      "pos_rate": 0.031807307525010875
    },
    "h125_175": {
      "auroc": 0.7776746631927741,
      "n_pos": 1170,
      "pos_rate": 0.03181163163761929
    },
    "h150_200": {
      "auroc": 0.7228228842935692,
      "n_pos": 1170,
      "pos_rate": 0.03181595692608909
    }
  },
  "n_events": 1170
}