{
  "probe": "198_reg_sweep",
  "results": {
    "C_0.01": {
      "mean": 0.7975834565391229,
      "std": 0.017604987267969
    },
    "C_0.1": {
      "mean": 0.8165710985726893,
      "std": 0.014020763588584065
    },
    "C_0.5": {
      "mean": 0.8192123323231287,
      "std": 0.012562060450701884
    },
    "C_1.0": {
      "mean": 0.8196992434407264,
      "std": 0.012221669199647447
    },
    "C_2.0": {
      "mean": 0.8198411951721283,
      "std": 0.012101730740936288
    },
    "C_5.0": {
      "mean": 0.8199165591914053,
      "std": 0.012051536321130709
    },
    "C_10.0": {
      "mean": 0.8199439499045338,
      "std": 0.012029479489556006
    }
  }
}