{
  "probe": "73b_lr_tf_ensemble",
  "lr": {
    "auroc": 0.6344885465419428,
    "auprc": 0.13358780729899047
  },
  "tf_3seed_avg": {
    "auroc": 0.6142619286514064,
    "auprc": 0.10474352891207077,
    "seed_aurocs": [
      0.6092716194797074,
      0.6176722848542636,
      0.6081121996414497
    ]
  },
  "ensemble_avg": {
    "auroc": 0.6182725085846404,
    "auprc": 0.10416681597982794
  },
  "ensemble_rank": {
    "auroc": 0.6345435962632664,
    "auprc": 0.10558371981329345
  }
}