{
  "probe": "201_maxvar_features_corrected",
  "results": {
    "baseline_global_var": {
      "mean": 0.8197,
      "std": 0.0123
    },
    "base_plus_maxvar": {
      "mean": 0.8227307763037436,
      "std": 0.013625720599400183,
      "folds": [
        0.8093981767378159,
        0.8469764347857969,
        0.8130618960929841,
        0.8162593319440793,
        0.8279580419580419
      ]
    },
    "base_plus_maxvar_corr": {
      "mean": 0.81992550642832,
      "std": 0.015579124598185909
    },
    "base_plus_minvar": {
      "mean": 0.8197692955416521,
      "std": 0.013972033196168734
    },
    "base_maxvar_minvar": {
      "mean": 0.8213251070125533,
      "std": 0.014614707543584975
    },
    "base_plus_maxvar_C10": {
      "mean": 0.8219942824789811,
      "std": 0.01434775355592071
    }
  },
  "new_best": 0.8227307763037436
}