{
  "probe": "151_multi_channel_analysis",
  "channel_0_cv": {
    "mean": 0.7706844006711389,
    "std": 0.022085722423038946
  },
  "channel_1_cv": {
    "mean": 0.7616240238241914,
    "std": 0.020539453934622427
  },
  "both_channels_cv": {
    "mean": 0.7909129759371041,
    "std": 0.02007652109797601
  },
  "concatenated_cv": {
    "mean": 0.7719360661136985,
    "std": 0.023663769287950588
  },
  "channel_0_coefs": [
    0.015195657865012561,
    -0.0864144100228591,
    -0.11889929460231849,
    -0.03808092408230267,
    -0.0844088206219298,
    -0.12856769685329636,
    -0.19276328216779595,
    -0.21592154868683136,
    -0.23382941594125262,
    -0.26068428705663377,
    -0.5260444671388508,
    -0.9985906079774272,
    -1.3519876347173954,
    -1.3507601793599233,
    -1.6674494651229532,
    -0.9145773840226705,
    -0.26677082639735106,
    -0.04980145515276744,
    -0.0024338573362145464,
    0.05263185802344962
  ],
  "channel_1_coefs": [
    -0.05661234701396158,
    -0.20635160345925713,
    -0.2170299228041886,
    -0.11165502040019744,
    -0.05473712222140783,
    -0.09561544964830948,
    -0.17835177976561886,
    -0.160719154332542,
    -0.10650149596279027,
    -0.050092445294727804,
    -0.2038394149779832,
    -0.48776477849287675,
    -0.8120555713588863,
    -0.9032103340805514,
    -1.2940043646584192,
    -1.1634516540845339,
    -0.3274802565241436,
    0.028894194106979583,
    0.07841499410541543,
    0.0903058847897633
  ]
}