{
  "probe": "167_multiscale_context",
  "near_20bin_cv": {
    "mean": 0.7884239718638397,
    "std": 0.0242820519520399
  },
  "far_20bin_cv": {
    "mean": 0.6751243682262313,
    "std": 0.02537536948291119
  },
  "full_60bin_cv": {
    "mean": 0.8196992434407264,
    "std": 0.012221669199647447
  }
}