{
  "probe": "87_multidataset_lr",
  "results": {
    "SVDB4": {
      "n": 36794,
      "ap_plus_rate": 0.09474370821329564,
      "lr_auroc": 0.5911885650303396
    },
    "SMD_top5": {
      "n": 70807,
      "ap_plus_rate": 0.06427330631152287,
      "lr_auroc": 0.6585076605968998
    }
  }
}