{
  "probe": "130_onset_timing",
  "n_strict": 1170,
  "n_ap_minus": 32138,
  "anomaly_in_context_pct": 0.0829059829059829,
  "in_last50_pct": 0.917094017094017,
  "in_last100_pct": 0.917094017094017,
  "not_in_context_pct": 0.917094017094017,
  "strict_last50_var": 0.023549489676952362,
  "minus_last50_var": 0.02325434796512127,
  "last50_ratio": 1.012691855430603,
  "auroc_last50_var": 0.5236585470085471,
  "auroc_full_var": 0.3583495726495726,
  "variance_profile_strict": [
    0.013280515559017658,
    0.01128552295267582,
    0.019301433116197586,
    0.029613057151436806,
    0.027823468670248985,
    0.011936882510781288,
    0.00509687140583992,
    0.0029327485244721174,
    0.02285039983689785,
    0.03211880102753639
  ],
  "variance_profile_minus": [
    0.02104756608605385,
    0.02041051536798477,
    0.020331280305981636,
    0.020135261118412018,
    0.020241057500243187,
    0.021164769306778908,
    0.020745348185300827,
    0.020423877984285355,
    0.020303737372159958,
    0.020117919892072678
  ],
  "future_start_mean": 124.6025641025641,
  "future_start_in_pred_len_pct": 0.0
}