{
  "probe": "86_operational_utility",
  "n_test": 7359,
  "ap_plus_rate": 0.0770485120260905,
  "base_rate_precision": 0.0770485120260905,
  "oracle_auroc": 0.7471857128315706,
  "lr_auroc": 0.5911885650303396,
  "operational_metrics": {
    "Oracle": {
      "recall_0.25": {
        "precision": 1.0,
        "fa_per_tp": 0.0,
        "lift": 12.978835978835978
      },
      "recall_0.5": {
        "precision": 0.32531500572737687,
        "fa_per_tp": 2.073943661971831,
        "lift": 4.222210100789711
      },
      "recall_0.75": {
        "precision": 0.11797286070340626,
        "fa_per_tp": 7.476525821596244,
        "lift": 1.5311504090235744
      },
      "auroc": 0.7471857128315706,
      "auprc": 0.5220530677098543
    },
    "LR 4-feat": {
      "recall_0.25": {
        "precision": 0.08722358722358722,
        "fa_per_tp": 10.464788732394366,
        "lift": 1.1320606320606321
      },
      "recall_0.5": {
        "precision": 0.09996480112636395,
        "fa_per_tp": 9.003521126760564,
        "lift": 1.2974267574760359
      },
      "recall_0.75": {
        "precision": 0.09431038299756475,
        "fa_per_tp": 9.603286384976526,
        "lift": 1.2240389920265944
      },
      "auroc": 0.5911885650303396,
      "auprc": 0.08919794516462248
    }
  },
  "lead_time_steps": 100
}