{
  "probe": "94_polynomial",
  "oracle": 0.7472,
  "rf_auroc": 0.6220330277554463,
  "gb_auroc": 0.6134064507886652
}