{
  "probe": "169_prior_block_features",
  "near_20bin": {
    "mean": 0.7884239718638397,
    "std": 0.0242820519520399
  },
  "near_plus_explicit": {
    "mean": 0.8085651435955723,
    "std": 0.012166931733928386
  },
  "near_plus_far_60": {
    "mean": 0.8196992434407264,
    "std": 0.012221669199647447
  }
}