{
  "probe": "159_raw_signal_features",
  "var": 0.7807928086181865,
  "rms": 0.7410711191573012,
  "mean_abs": 0.7293240304241576,
  "max_abs": 0.7429342403221664,
  "range": 0.7630065962824212,
  "var_plus_range": 0.7756381186255354,
  "var_plus_rms": 0.7776607694467847,
  "per_channel_40feat": 0.7594648287894268
}