{
  "probe": "72b_regression_target",
  "results": {
    "classification": {
      "aurocs": [
        0.6092716194797074,
        0.6176722848542636,
        0.6081121996414497
      ],
      "auprcs": [
        0.10424537950870925,
        0.10518382165952775,
        0.1027595522222686
      ],
      "auroc_mean": 0.611685367991807,
      "auprc_mean": 0.10406291779683519
    },
    "regression": {
      "aurocs": [
        0.5541442572753918,
        0.5533400639407706,
        0.5559224671415484
      ],
      "auprcs": [
        0.08897269223491755,
        0.09119055859755552,
        0.09305638525246335
      ],
      "auroc_mean": 0.5544689294525703,
      "auprc_mean": 0.09107321202831214
    }
  }
}