{
  "probe": "91_score_correlation",
  "aurocs": {
    "var_full": 0.6156993236154995,
    "var_50": 0.5235469989592486,
    "lr_4feat": 0.5911885650303396,
    "lr_8window": 0.588396609352636,
    "oracle": 0.7471857128315706
  },
  "lr_oracle_pearson": 0.09650230062232729,
  "lr_oracle_spearman": 0.24524672854093948
}