{
  "probe": "152_smd_channel_selection",
  "per_channel_aurocs": [
    0.4113601299894958,
    0.5656955751050421,
    0.5266314338235294,
    0.4888819590336134,
    0.5,
    0.517412355567227,
    0.5102022058823529,
    0.5,
    0.396704306722689,
    0.4221302192752101,
    0.38996028098739494,
    0.5571034663865546,
    0.39422022715336136,
    0.21277737657563026,
    0.4187171743697479,
    0.38647748161764706,
    0.5,
    0.5,
    0.43743434873949577,
    0.4869829963235294,
    0.4264508928571429,
    0.42048811712184875,
    0.4223247111344538,
    0.5101578912815126,
    0.43696986607142857,
    0.5112887342436975,
    0.5,
    0.42655429359243696,
    0.49382878151260506,
    0.5377790178571429,
    0.42081309086134455,
    0.3686786042542017,
    0.5744198069852942,
    0.5576409860819328,
    0.4292230173319328,
    0.42916721376050415,
    0.5,
    0.5
  ],
  "top_10_channels": [
    32,
    1,
    33,
    11,
    29,
    2,
    5,
    25,
    6,
    23
  ],
  "bottom_5_channels": [
    12,
    10,
    15,
    31,
    13
  ]
}