{
  "probe": "143_smd_mechanism",
  "oracle_std_auroc": 0.6218401748666271,
  "oracle_late_auroc": 0.5580805423829283,
  "lr_20bin_6040": 0.6227678571428571,
  "cv_mean": 0.698173112607195,
  "cv_std": 0.055269770219213976,
  "cv_folds": [
    0.6474560496380558,
    0.7175250037319003,
    0.7801142331932773,
    0.6475971638655462
  ],
  "lr_coefs": [
    -0.19899865479622847,
    -0.010849885910759235,
    0.0012441764779455976,
    0.0018037765419662904,
    -0.0065330298981394214,
    -0.005662804317789806,
    -0.011894853206141117,
    -0.10969500559334602,
    -0.11305683491775405,
    -0.05484516861212149,
    -0.12324050969446634,
    -0.23463448840328985,
    -0.24434514486819217,
    -0.26964785965620386,
    -0.3090393805893515,
    -0.2701525712882408,
    -0.2639753894467009,
    -0.2723901510591683,
    -0.28661529234401967,
    -0.3111832003158005
  ],
  "n_samples": 9920,
  "n_pos": 280,
  "pos_rate": 0.028225806451612902
}