{
  "probe": "136b_smd_20bin",
  "smd_top5": [
    4,
    23,
    25,
    6,
    5
  ],
  "lr_C0.001": 0.6011464241082636,
  "lr_C0.01": 0.5870256174110923,
  "lr_C0.1": 0.5679809870163015,
  "lr_C1.0": 0.5648697399792781,
  "oracle": 0.44219325243429897,
  "lr4_base": 0.5911296321724613
}