{
  "probe": "67b_smd_epoch",
  "smd_top5ch": true,
  "stride": 10,
  "results": {
    "30ep": {
      "tests": [
        0.5730564967374411,
        0.5810955515255579,
        0.5954619310153645
      ],
      "mean": 0.5832046597594545,
      "std": 0.009267762205707268,
      "pct_above_060": 0.0
    },
    "100ep": {
      "tests": [
        0.5742664446830119,
        0.5389515962848833,
        0.5411312206940204
      ],
      "mean": 0.5514497538873052,
      "std": 0.016158356450897506,
      "pct_above_060": 0.0
    }
  }
}