{
  "probe": "170_smd_extended_context",
  "note": "SMD 50K timesteps, strict AP, 5-fold temporal CV",
  "svdb4_ref_200": 0.791,
  "svdb4_ref_600": 0.82,
  "results": {
    "seq_200": {
      "mean": 0.4846543539231176,
      "std": 0.02944183657568486,
      "folds": [
        0.5222647362978283,
        0.44252127183161666,
        0.4753545168067227,
        0.4984768907563025
      ],
      "n_bins": 20,
      "n_samples": 9920,
      "n_positive": 280
    },
    "seq_400": {
      "mean": 0.5858965741605704,
      "std": 0.11545520098620211,
      "folds": [
        0.41101765316718586,
        0.725520911407585,
        0.639721782700422,
        0.5673259493670886
      ],
      "n_bins": 40,
      "n_samples": 9880,
      "n_positive": 280
    },
    "seq_600": {
      "mean": 0.6396516291807679,
      "std": 0.04984470681887665,
      "folds": [
        0.6088738269030239,
        0.6947538762607256,
        0.6806806144067796,
        0.5742981991525423
      ],
      "n_bins": 60,
      "n_samples": 9840,
      "n_positive": 280
    },
    "seq_800": {
      "mean": 0.5936233447786734,
      "std": 0.1474418546425654,
      "folds": [
        0.3278974358974359,
        0.6345052083333333,
        0.7005744520030235,
        0.7475066489361701,
        0.5576329787234042
      ],
      "n_bins": 80,
      "n_samples": 9800,
      "n_positive": 280
    }
  }
}