{
  "probe": "157_tf_strict_extended",
  "tf_100ep_strict": {
    "mean": 0.7252870687371663,
    "std": 0.014676174570789869,
    "seeds": [
      0.7304431279762438,
      0.7052979380642539,
      0.7401201401710014
    ]
  },
  "lr_20bin_ref": 0.791,
  "tf_50ep_ref": 0.723,
  "gap_vs_lr": 0.06571293126283373
}