{
  "raw_f1": 48.99999949995812,
  "tolerances": {
    "0": 48.99999949995812,
    "10": 79.68127442098667,
    "25": 79.68127442098667,
    "50": 79.68127442098667,
    "100": 79.68127442098667,
    "200": 79.68127442098667
  },
  "dataset": "SVDB4",
  "window": 50,
  "note": "F1-tol with t=50 inflates rolling var by ~8x, random scores also inflate 5x"
}