{
  "baseline": {
    "seeds": [
      42,
      1,
      2
    ],
    "per_seed": [
      0.620144978115139,
      0.620715729471128,
      0.6033302744384409
    ],
    "mean": 0.6147303273415693,
    "std": 0.008064421612787264
  },
  "augmented": {
    "seeds": [
      42,
      1,
      2
    ],
    "per_seed": [
      0.5751337812095566,
      0.5775645380081972,
      0.5785203777449557
    ],
    "mean": 0.5770728989875699,
    "std": 0.0014256088099117118
  },
  "lr_variance": 0.616,
  "oracle": 0.72,
  "delta": -0.037657428353999434
}