{
  "probe": "168_two_scale_features",
  "near_20bin": {
    "mean": 0.7884239718638397,
    "std": 0.0242820519520399
  },
  "far_20bin": {
    "mean": 0.6751243682262313,
    "std": 0.02537536948291119
  },
  "near_plus_far_40bin": {
    "mean": 0.8049679350080231,
    "std": 0.014056113967637033
  }
}