{
  "standard_ap": {
    "12feat": 0.6411918008428038,
    "slope_only": 0.544178451449318,
    "level_only": 0.6413801734648878,
    "reference_lr4": 0.634
  },
  "strict_ap": {
    "12feat": 0.6834174561267278,
    "slope_only": 0.6068914487438326,
    "level_only": 0.6863800219814351,
    "reference_lr4_strict": 0.703
  },
  "slope_statistics": {
    "ap_minus_slope": 0.0006019506986385187,
    "ap_plus_slope": -0.013302265517706526,
    "strict_slope": 0.007445861437219253,
    "ap_plus_minus_delta": -0.013904216216345045,
    "strict_minus_delta": 0.006843910738580734,
    "ap_minus_d43": 0.006783955801261291,
    "ap_plus_d43": -0.05473598053384628,
    "strict_d43": 0.20509320150347465
  },
  "feature_coefs": {
    "var_full": -0.4018178565362341,
    "var_last50": -0.04175857564831785,
    "var_last100": -0.16758971438320572,
    "q1": -0.0344685060753068,
    "q2": -0.07928865644830926,
    "q3": -0.1112861784868769,
    "q4": -0.04175857564831785,
    "slope": -0.013151687537206958,
    "d43": 0.04278807628352836,
    "d32": -0.01985946928813546,
    "d21": -0.027594126451549385,
    "accel": 0.03445776064213678
  }
}