{
  "probe": "176_zone_ablation",
  "results": {
    "FAR": {
      "mean": 0.6751243682262313,
      "std": 0.02537536948291119
    },
    "GAP": {
      "mean": 0.7243582468380518,
      "std": 0.031778595011424
    },
    "NEAR": {
      "mean": 0.7884239718638397,
      "std": 0.0242820519520399
    },
    "FAR+GAP": {
      "mean": 0.7366690357525056,
      "std": 0.02338561678744769
    },
    "FAR+NEAR": {
      "mean": 0.8049679350080231,
      "std": 0.014056113967637033
    },
    "GAP+NEAR": {
      "mean": 0.806808761966647,
      "std": 0.01879910179103895
    },
    "ALL (60-bin)": {
      "mean": 0.8196992434407264,
      "std": 0.012221669199647447
    }
  }
}