{
  "patches": [
    1,
    5,
    10,
    20
  ],
  "log": {
    "1": [
      {
        "seed": 42,
        "ckpt": "/home/sagemaker-user/IndustrialJEPA/fam-jepa/experiments/v23/ckpts/patch_L1_smap_seed42_best.pt",
        "best_loss": 0.013108167931437492,
        "best_ep": 16,
        "final_ep": 21,
        "losses": [
          0.039999483168125155,
          0.01931375055015087,
          0.018032674014568328,
          0.018137263968586923,
          0.01815973760187626,
          0.01786754620820284,
          0.016493207335472108,
          0.01689508619904518,
          0.016705325409770013,
          0.015863699346780776,
          0.015416287362575531,
          0.014318636626005172,
          0.01429640220850706,
          0.015239260450005532,
          0.014239820390939713,
          0.013108167931437492,
          0.013660817816853523,
          0.013045650318264962,
          0.01374763335287571,
          0.013101591184735297,
          0.014026605427265167
        ],
        "params": 2376448,
        "runtime_min": 0.15926213264465333
      },
      {
        "seed": 123,
        "ckpt": "/home/sagemaker-user/IndustrialJEPA/fam-jepa/experiments/v23/ckpts/patch_L1_smap_seed123_best.pt",
        "best_loss": 0.017803948387503623,
        "best_ep": 7,
        "final_ep": 12,
        "losses": [
          0.038993534937500955,
          0.01890873919427395,
          0.017961152598261833,
          0.01865112890303135,
          0.01884663310647011,
          0.01797127115726471,
          0.017803948387503623,
          0.018879048109054566,
          0.01817809449136257,
          0.019191451735794545,
          0.018302435681223868,
          0.018292070038616656
        ],
        "params": 2376448,
        "runtime_min": 0.0903850793838501
      },
      {
        "seed": 456,
        "ckpt": "/home/sagemaker-user/IndustrialJEPA/fam-jepa/experiments/v23/ckpts/patch_L1_smap_seed456_best.pt",
        "best_loss": 0.01825607792288065,
        "best_ep": 5,
        "final_ep": 10,
        "losses": [
          0.039123566687107085,
          0.019470843359827995,
          0.018978517428040506,
          0.01883670672774315,
          0.01825607792288065,
          0.019179323136806488,
          0.018465075761079787,
          0.02014406332373619,
          0.01864605315774679,
          0.018646409943699836
        ],
        "params": 2376448,
        "runtime_min": 0.07258213758468628
      }
    ],
    "5": [
      {
        "seed": 42,
        "ckpt": "/home/sagemaker-user/IndustrialJEPA/fam-jepa/experiments/v23/ckpts/patch_L5_smap_seed42_best.pt",
        "best_loss": 0.020060000836849213,
        "best_ep": 20,
        "final_ep": 25,
        "losses": [
          0.04670516043901443,
          0.027658581361174585,
          0.025718415960669518,
          0.025005256578326224,
          0.024753511890769006,
          0.02428316195309162,
          0.02342148086428642,
          0.02335419439524412,
          0.02429237422347069,
          0.023059496000409126,
          0.023415877521038055,
          0.023332136899232865,
          0.021806640371680258,
          0.021999674275517463,
          0.021666826754808424,
          0.02108925372362137,
          0.022157276794314385,
          0.021329855270683765,
          0.02200513356178999,
          0.020060000836849213,
          0.021260881900787353,
          0.020796791777014732,
          0.020365110009908677,
          0.02005411943793297,
          0.020742479756474495
        ],
        "params": 2402048,
        "runtime_min": 0.12866548697153726
      },
      {
        "seed": 123,
        "ckpt": "/home/sagemaker-user/IndustrialJEPA/fam-jepa/experiments/v23/ckpts/patch_L5_smap_seed123_best.pt",
        "best_loss": 0.019708896048367022,
        "best_ep": 14,
        "final_ep": 19,
        "losses": [
          0.043510308936238286,
          0.02386960583925247,
          0.02225583680719137,
          0.022693224027752878,
          0.022407206043601035,
          0.0225183237940073,
          0.021495549246668817,
          0.022055787429213523,
          0.02066675782203674,
          0.020933892607688905,
          0.02121178698539734,
          0.020546035021543504,
          0.0212913621366024,
          0.019708896048367022,
          0.019794338211417198,
          0.021385989010334016,
          0.02134674835205078,
          0.020101715981960297,
          0.020428078800439835
        ],
        "params": 2402048,
        "runtime_min": 0.09919044971466065
      },
      {
        "seed": 456,
        "ckpt": "/home/sagemaker-user/IndustrialJEPA/fam-jepa/experiments/v23/ckpts/patch_L5_smap_seed456_best.pt",
        "best_loss": 0.02223777285218239,
        "best_ep": 9,
        "final_ep": 14,
        "losses": [
          0.04549210226535797,
          0.02585568733513355,
          0.024616024270653725,
          0.02398798230290413,
          0.02346937456727028,
          0.02395889638364315,
          0.022587719947099686,
          0.023640940293669702,
          0.02223777285218239,
          0.02293775223195553,
          0.023309767052531242,
          0.022180668950080872,
          0.022694670349359514,
          0.023114483773708342
        ],
        "params": 2402048,
        "runtime_min": 0.07316150267918904
      }
    ],
    "10": [
      {
        "seed": 42,
        "ckpt": "/home/sagemaker-user/IndustrialJEPA/fam-jepa/experiments/v23/ckpts/patch_L10_smap_seed42_best.pt",
        "best_loss": 0.02629586450755596,
        "best_ep": 13,
        "final_ep": 18,
        "losses": [
          0.04985050457715988,
          0.03442007112503052,
          0.03189660882949829,
          0.030174938291311265,
          0.02915276576578617,
          0.02894530811905861,
          0.02746522442996502,
          0.027042315676808357,
          0.028009764060378074,
          0.026805597230792046,
          0.027455576449632646,
          0.026973400205373765,
          0.02629586450755596,
          0.027116237580776213,
          0.027471458792686462,
          0.02692014415562153,
          0.028093194022774697,
          0.02840951254963875
        ],
        "params": 2434048,
        "runtime_min": 0.09294187625249227
      },
      {
        "seed": 123,
        "ckpt": "/home/sagemaker-user/IndustrialJEPA/fam-jepa/experiments/v23/ckpts/patch_L10_smap_seed123_best.pt",
        "best_loss": 0.02554662400484085,
        "best_ep": 14,
        "final_ep": 19,
        "losses": [
          0.04883929124474525,
          0.030960797607898712,
          0.029248938217759132,
          0.02845656190812588,
          0.028155224218964575,
          0.027449665620923044,
          0.02634125082194805,
          0.026525340706110002,
          0.025842535480856896,
          0.026718648001551628,
          0.026154225453734397,
          0.025672204688191414,
          0.02629639858007431,
          0.02554662400484085,
          0.025953882813453674,
          0.02750433574616909,
          0.026053521662950517,
          0.02579647259414196,
          0.026637409284710884
        ],
        "params": 2434048,
        "runtime_min": 0.09735215107599894
      },
      {
        "seed": 456,
        "ckpt": "/home/sagemaker-user/IndustrialJEPA/fam-jepa/experiments/v23/ckpts/patch_L10_smap_seed456_best.pt",
        "best_loss": 0.025119595110416414,
        "best_ep": 12,
        "final_ep": 17,