{
  "patches": [
    1,
    5,
    10,
    20
  ],
  "log": {
    "1": [
      {
        "seed": 42,
        "ckpt": "/home/sagemaker-user/IndustrialJEPA/fam-jepa/experiments/v23/ckpts/patch_L1_smap_seed42_best.pt",
        "best_loss": 0.013108167931437492,
        "best_ep": 16,
        "final_ep": 21,
        "losses": [
          0.039999483168125155,
          0.01931375055015087,
          0.018032674014568328,
          0.018137263968586923,
          0.01815973760187626,
          0.01786754620820284,
          0.016493207335472108,
          0.01689508619904518,
          0.016705325409770013,
          0.015863699346780776,
          0.015416287362575531,
          0.014318636626005172,
          0.01429640220850706,
          0.015239260450005532,
          0.014239820390939713,
          0.013108167931437492,
          0.013660817816853523,
          0.013045650318264962,
          0.01374763335287571,
          0.013101591184735297,
          0.014026605427265167
        ],
        "params": 2376448,
        "runtime_min": 0.15926213264465333
      },
      {
        "seed": 123,
        "ckpt": "/home/sagemaker-user/IndustrialJEPA/fam-jepa/experiments/v23/ckpts/patch_L1_smap_seed123_best.pt",
        "best_loss": 0.017803948387503623,
        "best_ep": 7,
        "final_ep": 12,
        "losses": [
          0.038993534937500955,
          0.01890873919427395,
          0.017961152598261833,
          0.01865112890303135,
          0.01884663310647011,
          0.01797127115726471,
          0.017803948387503623,
          0.018879048109054566,
          0.01817809449136257,
          0.019191451735794545,
          0.018302435681223868,
          0.018292070038616656
        ],
        "params": 2376448,
        "runtime_min": 0.0903850793838501
      },
      {
        "seed": 456,
        "ckpt": "/home/sagemaker-user/IndustrialJEPA/fam-jepa/experiments/v23/ckpts/patch_L1_smap_seed456_best.pt",
        "best_loss": 0.01825607792288065,
        "best_ep": 5,
        "final_ep": 10,
        "losses": [
          0.039123566687107085,
          0.019470843359827995,
          0.018978517428040506,
          0.01883670672774315,
          0.01825607792288065,
          0.019179323136806488,
          0.018465075761079787,
          0.02014406332373619,
          0.01864605315774679,
          0.018646409943699836
        ],
        "params": 2376448,
        "runtime_min": 0.07258213758468628
      }
    ]
  },
  "runtime_min": 2.58914399544398
}