{
  "per_seed": [
    {
      "seed": 42,
      "primary": {
        "auprc": 0.09992031075771358,
        "auroc": 0.7227495872335797,
        "f1_best": 0.17643352719598768,
        "precision_best": 0.11080403037453426,
        "recall_best": 0.43275589959416805,
        "threshold_best": 0.3170822262763977,
        "prevalence": 0.04427025282553075,
        "n_cells": 2404504,
        "n_positive": 106448
      },
      "per_horizon": {
        "auprc_per_k": [
          0.03539720094295805,
          0.038495569690070425,
          0.04123193050084735,
          0.04928154491252812,
          0.06577562434346533,
          0.09696832944586962,
          0.12039085459052734,
          0.13848427784194645
        ],
        "auroc_per_k": [
          0.6649606761963955,
          0.6652066471179676,
          0.6644187796685923,
          0.6607355667939698,
          0.6640520899768437,
          0.6723003143476467,
          0.6734691934452045,
          0.6693183918406852
        ],
        "horizon_labels": [
          1,
          2,
          3,
          6,
          12,
          24,
          36,
          48
        ],
        "prevalence_per_k": [
          0.020531469275992056,
          0.022501106257257215,
          0.02443081816457781,
          0.030053599411770576,
          0.04046738953231103,
          0.058237374527137405,
          0.07278008271144486,
          0.08516018272375508
        ]
      },
      "monotonicity": {
        "violation_rate": 0.0,
        "mean_violation": 0.0,
        "max_violation": 0.0,
        "n_pairs": 2103941
      },
      "train": {
        "best_val": 1.037072416301142,
        "final_epoch": 6
      },
      "pos_weight": 13.834761181628034,
      "n_train_windows": 129437,
      "n_test_windows": 300563,
      "surface_file": "/home/sagemaker-user/IndustrialJEPA/fam-jepa/experiments/v23/surfaces/sepsis_pred_ft_seed42.npz",
      "runtime_s": 53.026360750198364,
      "pretrain": {
        "best_loss": 0.01631370371580124,
        "best_ep": 3,
        "final_ep": 8,
        "runtime_min": 0.14100862741470338,
        "params": 2378752
      }
    }
  ],
  "agg": {
    "n_seeds": 1,
    "auprc_mean": 0.09992031075771358,
    "auprc_std": 0.0,
    "auroc_mean": 0.7227495872335797,
    "auroc_std": 0.0,
    "f1_best_mean": 0.17643352719598768,
    "f1_best_std": 0.0,
    "precision_best_mean": 0.11080403037453426,
    "precision_best_std": 0.0,
    "recall_best_mean": 0.43275589959416805,
    "recall_best_std": 0.0,
    "mono_violation_mean": 0.0,
    "mono_violation_std": 0.0
  },
  "seeds": [
    42,
    123,
    456
  ],
  "horizons": [
    1,
    2,
    3,
    6,
    12,
    24,
    36,
    48
  ],
  "window": 24,
  "runtime_min": 1.047415550549825
}