{
  "patches": [
    1,
    5,
    10,
    20
  ],
  "log": {
    "1": {
      "per_seed": [
        {
          "dataset": "SMAP",
          "patch_length": 1,
          "seed": 42,
          "primary": {
            "auprc": 0.37462302730519464,
            "auroc": 0.61591815920741,
            "f1_best": 0.4883817236460682,
            "precision_best": 0.35061390848291424,
            "recall_best": 0.8044940937766013,
            "threshold_best": 0.48640868067741394,
            "prevalence": 0.2805725503026337,
            "n_cells": 305650,
            "n_positive": 85757
          },
          "per_horizon": {
            "auprc_per_k": [
              0.3662007259071042,
              0.3662079071762961,
              0.3662162598595493,
              0.3670631200392731,
              0.3679390249028701,
              0.37019090430046514,
              0.37229976987711394,
              0.37509821529135123,
              0.3785906337581705,
              0.37654364057073525
            ],
            "auroc_per_k": [
              0.6123592673460964,
              0.612272078478171,
              0.6122619426148838,
              0.612520741527978,
              0.6125134546519336,
              0.6127017911160643,
              0.6128193848690949,
              0.6131442767673666,
              0.6134296835786062,
              0.6120291720825929
            ],
            "horizon_labels": [
              1,
              2,
              3,
              5,
              10,
              15,
              20,
              30,
              50,
              100
            ],
            "prevalence_per_k": [
              0.27963356780631443,
              0.2796990021266154,
              0.27973171928676593,
              0.2797971536070669,
              0.2800261737281204,
              0.2802224766890234,
              0.2804187796499264,
              0.28084410273188287,
              0.28166203173564536,
              0.2836904956649763
            ]
          },
          "monotonicity": {
            "violation_rate": 0.0,
            "mean_violation": 0.0,
            "max_violation": 0.0,
            "n_pairs": 275085
          },
          "train": {
            "best_val": 10.765086225830691,
            "final_epoch": 10
          },
          "pos_weight": 40.89531149646756,
          "surface_file": "/home/sagemaker-user/IndustrialJEPA/fam-jepa/experiments/v23/surfaces/smap_patch_L1_pred_ft_seed42.npz",
          "runtime_s": 49.58757710456848
        },
        {
          "dataset": "SMAP",
          "patch_length": 1,
          "seed": 123,
          "primary": {
            "auprc": 0.37160963253963897,
            "auroc": 0.5820114898040887,
            "f1_best": 0.4501061270193368,
            "precision_best": 0.32329525787469715,
            "recall_best": 0.7406042655410054,
            "threshold_best": 0.48544207215309143,
            "prevalence": 0.2805725503026337,
            "n_cells": 305650,
            "n_positive": 85757
          },
          "per_horizon": {
            "auprc_per_k": [
              0.3641497843023707,
              0.3640543417249409,
              0.3640100262845307,
              0.3638635548907487,
              0.362173231737359,
              0.3600610649406697,
              0.3602422358449681,
              0.35975014030047614,
              0.36197208165775874,
              0.35585243033638464
            ],
            "auroc_per_k": [
              0.5669798569244477,
              0.5667937461278281,
              0.5667529103628175,
              0.5670202369362742,
              0.5685305403277359,
              0.568999819561641,
              0.5700331908171898,
              0.5707283026733289,
              0.5743163350746097,
              0.5644803712779864
            ],
            "horizon_labels": [
              1,
              2,
              3,
              5,
              10,
              15,
              20,
              30,
              50,
              100
            ],
            "prevalence_per_k": [
              0.27963356780631443,
              0.2796990021266154,
              0.27973171928676593,
              0.2797971536070669,
              0.2800261737281204,
              0.2802224766890234,
              0.2804187796499264,
              0.28084410273188287,
              0.28166203173564536,
              0.2836904956649763
            ]
          },
          "monotonicity": {
            "violation_rate": 0.0,
            "mean_violation": 0.0,
            "max_violation": 0.0,
            "n_pairs": 275085
          },
          "train": {
            "best_val": 11.674331003867463,
            "final_epoch": 9
          },
          "pos_weight": 40.89531149646756,
          "surface_file": "/home/sagemaker-user/IndustrialJEPA/fam-jepa/experiments/v23/surfaces/smap_patch_L1_pred_ft_seed123.npz",
          "runtime_s": 44.74442648887634
        },
        {
          "dataset": "SMAP",
          "patch_length": 1,
          "seed": 456,
          "primary": {
            "auprc": 0.34748846932222266,
            "auroc": 0.5673154065399959,
            "f1_best": 0.44218932786226567,
            "precision_best": 0.31808880703908327,
            "recall_best": 0.7250720057837844,
            "threshold_best": 0.46182888746261597,
            "prevalence": 0.2805725503026337,
            "n_cells": 305650,
            "n_positive": 85757
          },
          "per_horizon": {
            "auprc_per_k": [
              0.3447965172312334,
              0.344807552772795,
              0.344822605521724,
              0.3442904372950383,
              0.3437611216118647,
              0.3428106378405201,
              0.3411002710802029,
              0.3418098277459028,
              0.3371298503659433,
              0.3230009438733985
            ],
            "auroc_per_k": [
              0.5756325597137659,
              0.5755603289909469,
              0.5755495043916097,
              0.5738116385177107,
              0.5717288576418478,
              0.5679326726105185,
              0.5659697848036896,
              0.5637156271918817,
              0.5540092873314608,
              0.5213135337384326
            ],
            "horizon_labels": [
              1,
              2,
              3,
              5,
              10,
              15,
              20,
              30,
              50,
              100
            ],
            "prevalence_per_k": [
              0.27963356780631443,
              0.2796990021266154,
              0.27973171928676593,
              0.2797971536070669,
              0.2800261737281204,
              0.2802224766890234,
              0.2804187796499264,
              0.28084410273188287,
              0.28166203173564536,
              0.2836904956649763
            ]
          },
          "monotonicity": {
            "violation_rate": 0.0,
            "mean_violation": 0.0,
            "max_violation": 0.0,
            "n_pairs": 275085
          },
          "train": {
            "best_val": 11.452252130819888,
            "final_epoch": 8
          },
          "pos_weight": 40.89531149646756,
          "surface_file": "/home/sagemaker-user/IndustrialJEPA/fam-jepa/experiments/v23/surfaces/smap_patch_L1_pred_ft_seed456.npz",
          "runtime_s": 40.38469123840332
        }
      ],
      "agg": {
        "n_seeds": 3,
        "auprc_mean": 0.3645737097223521,
        "auprc_std": 0.014872767619072476,
        "auroc_mean": 0.5884150185171648,
        "auroc_std": 0.02492610632844308,
        "f1_best_mean": 0.4602257261758902,
        "f1_best_std": 0.02470301747517602,
        "mono_violation_mean": 0.0,
        "mono_violation_std": 0.0
      }
    }
  },
  "runtime_min": 2.5891488432884215
}