{
  "variants": {
    "sigreg": {
      "per_seed": [
        {
          "variant": "sigreg",
          "seed": 42,
          "primary": {
            "auprc": 0.8866755722961948,
            "auroc": 0.9770362909287711,
            "f1_best": 0.8208092485549134,
            "precision_best": 0.7553191489361702,
            "recall_best": 0.8987341772151899,
            "threshold_best": 0.815632164478302,
            "prevalence": 0.158,
            "n_cells": 1000,
            "n_positive": 158
          },
          "per_horizon": {
            "auprc_per_k": [
              NaN,
              NaN,
              NaN,
              NaN,
              0.8061533704390846,
              0.888142413142413,
              0.8652477032556367,
              0.9294869526758074,
              0.9375257432985733,
              0.9253157435277949
            ],
            "auroc_per_k": [
              NaN,
              NaN,
              NaN,
              NaN,
              0.9800307219662059,
              0.9866666666666667,
              0.9650297619047619,
              0.9744,
              0.9552238805970149,
              0.8426051560379918
            ],
            "horizon_labels": [
              1,
              2,
              3,
              5,
              10,
              15,
              20,
              30,
              50,
              100
            ],
            "prevalence_per_k": [
              0.0,
              0.0,
              0.0,
              0.0,
              0.07,
              0.1,
              0.16,
              0.25,
              0.33,
              0.67
            ]
          },
          "monotonicity": {
            "violation_rate": 0.0,
            "mean_violation": 0.0,
            "max_violation": 0.0,
            "n_pairs": 900
          },
          "legacy": {
            "rmse_cross": 26.012496948242188,
            "rmse_expected": 29.090299606323242,
            "horizon_cap": 100.0
          },
          "train": {
            "best_val": 0.3205748087565104,
            "final_epoch": 59
          },
          "pos_weight": 3.1585127201565557,
          "surface_file": "/home/sagemaker-user/IndustrialJEPA/fam-jepa/experiments/v23/surfaces/fd001_sigreg_pred_ft_seed42.npz",
          "runtime_s": 5.979061603546143
        },
        {
          "variant": "sigreg",
          "seed": 123,
          "primary": {
            "auprc": 0.9125692161773898,
            "auroc": 0.9805992362969421,
            "f1_best": 0.8414634146341463,
            "precision_best": 0.8117647058823529,
            "recall_best": 0.8734177215189873,
            "threshold_best": 0.8912582397460938,
            "prevalence": 0.158,
            "n_cells": 1000,
            "n_positive": 158
          },
          "per_horizon": {
            "auprc_per_k": [
              NaN,
              NaN,
              NaN,
              NaN,
              0.7640288283145427,
              0.888142413142413,
              0.8847237831612831,
              0.9440416741959393,
              0.9451448178594961,
              0.9302505885747214
            ],
            "auroc_per_k": [
              NaN,
              NaN,
              NaN,
              NaN,
              0.9769585253456222,
              0.9866666666666667,
              0.9717261904761905,
              0.9786666666666667,
              0.9601990049751243,
              0.8507462686567164
            ],
            "horizon_labels": [
              1,
              2,
              3,
              5,
              10,
              15,
              20,
              30,
              50,
              100
            ],
            "prevalence_per_k": [
              0.0,
              0.0,
              0.0,
              0.0,
              0.07,
              0.1,
              0.16,
              0.25,
              0.33,
              0.67
            ]
          },
          "monotonicity": {
            "violation_rate": 0.0,
            "mean_violation": 0.0,
            "max_violation": 0.0,
            "n_pairs": 900
          },
          "legacy": {
            "rmse_cross": 24.158641815185547,
            "rmse_expected": 27.34109115600586,
            "horizon_cap": 100.0
          },
          "train": {
            "best_val": 0.3149843139648438,
            "final_epoch": 56
          },
          "pos_weight": 3.4270833333333335,
          "surface_file": "/home/sagemaker-user/IndustrialJEPA/fam-jepa/experiments/v23/surfaces/fd001_sigreg_pred_ft_seed123.npz",
          "runtime_s": 4.059927463531494
        },
        {
          "variant": "sigreg",
          "seed": 456,
          "primary": {
            "auprc": 0.8330445838251888,
            "auroc": 0.9718121410745963,
            "f1_best": 0.8072289156626505,
            "precision_best": 0.7701149425287356,
            "recall_best": 0.8481012658227848,
            "threshold_best": 0.8913063406944275,
            "prevalence": 0.158,
            "n_cells": 1000,
            "n_positive": 158
          },
          "per_horizon": {
            "auprc_per_k": [
              NaN,
              NaN,
              NaN,
              NaN,
              0.7129251700680271,
              0.9540404040404039,
              0.9012010558885559,
              0.9279566156066157,
              0.9069820846306937,
              0.8666921153311836
            ],
            "auroc_per_k": [
              NaN,
              NaN,
              NaN,
              NaN,
              0.9831029185867896,
              0.9944444444444445,
              0.96875,
              0.9701333333333333,
              0.9357756671189507,
              0.7390321121664405
            ],
            "horizon_labels": [
              1,
              2,
              3,
              5,
              10,
              15,
              20,
              30,
              50,
              100
            ],
            "prevalence_per_k": [
              0.0,
              0.0,
              0.0,
              0.0,
              0.07,
              0.1,
              0.16,
              0.25,
              0.33,
              0.67
            ]
          },
          "monotonicity": {
            "violation_rate": 0.0,
            "mean_violation": 0.0,
            "max_violation": 0.0,
            "n_pairs": 900
          },
          "legacy": {
            "rmse_cross": 29.757352828979492,
            "rmse_expected": 33.43467712402344,
            "horizon_cap": 100.0
          },
          "train": {
            "best_val": 0.30737374877929685,
            "final_epoch": 59
          },
          "pos_weight": 3.1342412451361867,
          "surface_file": "/home/sagemaker-user/IndustrialJEPA/fam-jepa/experiments/v23/surfaces/fd001_sigreg_pred_ft_seed456.npz",
          "runtime_s": 4.465771675109863
        }
      ],
      "agg": {
        "n_seeds": 3,
        "auprc_mean": 0.8774297907662577,
        "auprc_std": 0.0405605121363461,
        "auroc_mean": 0.9764825561001031,
        "auroc_std": 0.004419641083504733,
        "f1_best_mean": 0.8231671929505701,
        "f1_best_std": 0.017238623967332566,
        "rmse_expected_mean": 29.955355962117512,
        "rmse_expected_std": 3.137545117035009,
        "mono_violation_mean": 0.0,
        "mono_violation_std": 0.0
      }
    },
    "baseline": {
      "per_seed": [
        {
          "variant": "baseline",
          "seed": 42,
          "primary": {
            "auprc": 0.9454625974683923,
            "auroc": 0.9895554586728403,
            "f1_best": 0.8902077151335311,
            "precision_best": 0.8379888268156425,
            "recall_best": 0.9493670886075949,
            "threshold_best": 0.7882844805717468,
            "prevalence": 0.158,
            "n_cells": 1000,
            "n_positive": 158
          },