{
  "FD001": {
    "dataset": "FD001",
    "model": "Moirai-1.1-R-base",
    "seeds": [
      42,
      123,
      456
    ],
    "per_seed": [
      0.6053783519047452,
      0.6105121977306996,
      0.6020854161612024
    ],
    "mean": 0.6059919885988824,
    "std": 0.0034674750082539386,
    "horizons": [
      1,
      5,
      10,
      20,
      50,
      100,
      150
    ]
  },
  "FD003": {
    "dataset": "FD003",
    "model": "Moirai-1.1-R-base",
    "seeds": [
      42,
      123,
      456
    ],
    "per_seed": [
      0.696198435589767,
      0.6974627351683227,
      0.7060096840497836
    ],
    "mean": 0.6998902849359577,
    "std": 0.004357743872831692,
    "horizons": [
      1,
      5,
      10,
      20,
      50,
      100,
      150
    ]
  },
  "MBA": {
    "dataset": "MBA",
    "model": "Moirai-1.1-R-base",
    "seeds": [
      42,
      123,
      456
    ],
    "per_seed": [
      0.5797475132714607,
      0.5858481963392901,
      0.5467792948466881
    ],
    "mean": 0.5707916681524796,
    "std": 0.017161004968747073,
    "horizons": [
      1,
      5,
      10,
      20,
      50,
      100,
      150,
      200
    ]
  },
  "BATADAL": {
    "dataset": "BATADAL",
    "model": "Moirai-1.1-R-base",
    "seeds": [
      42,
      123,
      456
    ],
    "per_seed": [
      0.37246328837871595,
      0.3591117350634474,
      0.3477426734836051
    ],
    "mean": 0.35977256564192284,
    "std": 0.010102960720771582,
    "horizons": [
      1,
      5,
      10,
      20,
      50,
      100,
      150,
      200
    ]
  },
  "model_info": {
    "name": "Moirai-1.1-R-base",
    "n_params_M": 91.357728,
    "hf_id": "Salesforce/moirai-1.1-R-base"
  }
}