{
  "FD001": {
    "dataset": "FD001",
    "model": "TimesFM-1.0-200M",
    "seeds": [
      42,
      123,
      456
    ],
    "per_seed": [
      0.5278941130074436,
      0.5290623517448504,
      0.5342315334350475
    ],
    "mean": 0.5303959993957804,
    "std": 0.0027537473209763045,
    "horizons": [
      1,
      5,
      10,
      20,
      50,
      100,
      150
    ]
  },
  "FD003": {
    "dataset": "FD003",
    "model": "TimesFM-1.0-200M",
    "seeds": [
      42,
      123,
      456
    ],
    "per_seed": [
      0.6164969826387614,
      0.5972552818873055,
      0.6323708023237915
    ],
    "mean": 0.6153743556166195,
    "std": 0.014357812332303026,
    "horizons": [
      1,
      5,
      10,
      20,
      50,
      100,
      150
    ]
  },
  "MBA": {
    "dataset": "MBA",
    "model": "TimesFM-1.0-200M",
    "seeds": [
      42,
      123,
      456
    ],
    "per_seed": [
      0.7534905313405629,
      0.7558380946599764,
      0.7681666842680721
    ],
    "mean": 0.7591651034228706,
    "std": 0.006436826685522911,
    "horizons": [
      1,
      5,
      10,
      20,
      50,
      100,
      150,
      200
    ]
  },
  "BATADAL": {
    "dataset": "BATADAL",
    "model": "TimesFM-1.0-200M",
    "seeds": [
      42,
      123,
      456
    ],
    "per_seed": [
      0.6553816066382522,
      0.6567535581510213,
      0.6454603823758356
    ],
    "mean": 0.6525318490550364,
    "std": 0.0050315533376637306,
    "horizons": [
      1,
      5,
      10,
      20,
      50,
      100,
      150,
      200
    ]
  },
  "model_info": {
    "name": "TimesFM-1.0-200M",
    "n_params_M": 203.56896,
    "hf_id": "google/timesfm-1.0-200m-pytorch"
  }
}