{
  "z_corrs_max": 0.14380503722050758,
  "z_corrs_mean": 0.04617213803855437,
  "zr_corrs_max": 0.09435513662004427,
  "hc_corrs_max": 0.5847481850842322,
  "spectral_entropy": 4.9361419677734375
}