{
  "femto_within": {
    "elapsed_rmse": 0.027166216101247365,
    "n_seeds": 10
  },
  "femto_to_xjtu": {
    "elapsed_rmse": 0.36660687179331486,
    "contrastive_rmses": [
      0.1967663017503274,
      0.24509060081988782,
      0.21852083111517215,
      0.22610112216816872,
      0.23511340998769878,
      0.20902421146782132,
      0.24061036081494733,
      0.22804385546576045,
      0.22684031499213425,
      0.24379582431386443
    ],
    "jepa_rmses": [
      0.2676027319291842,
      0.2855861026156536,
      0.282230119950128,
      0.2747819515759806,
      0.2886802727529423,
      0.2750756068402848,
      0.283280654197373,
      0.28451494316910747,
      0.27155100592543674,
      0.2816616764692295
    ],
    "contrastive_mean": 0.22699068328957822,
    "contrastive_std": 0.014735884536098696,
    "jepa_mean": 0.27949650654253205,
    "jepa_std": 0.006476527327070035,
    "contrastive_vs_jepa_pval": 1.584261977292333e-07,
    "n_seeds": 10
  }
}