{
  "config": "v18_phase4j_principled_k_plus_rand_msl",
  "variance_thresholds": [
    0.9,
    0.95,
    0.99
  ],
  "results": {
    "smap": {
      "seed42": {
        "var_thresholds_to_k": {
          "0.9": 8,
          "0.95": 10,
          "0.99": 21
        },
        "metrics": {
          "var0.9_k8": {
            "f1_non_pa": 0.10817941952506596,
            "f1_pa": 0.6996672415049427,
            "auc_pr": 0.16920716455757687
          },
          "var0.95_k10": {
            "f1_non_pa": 0.09980503899220156,
            "f1_pa": 0.7329183229580739,
            "auc_pr": 0.17285455337440428
          },
          "var0.99_k21": {
            "f1_non_pa": 0.138641092483199,
            "f1_pa": 0.7909494811408687,
            "auc_pr": 0.18455032183660736
          }
        }
      },
      "seed123": {
        "var_thresholds_to_k": {
          "0.9": 10,
          "0.95": 15,
          "0.99": 34
        },
        "metrics": {
          "var0.9_k10": {
            "f1_non_pa": 0.08322993696957666,
            "f1_pa": 0.6257950310006494,
            "auc_pr": 0.17387711164462982
          },
          "var0.95_k15": {
            "f1_non_pa": 0.030370520348248633,
            "f1_pa": 0.6041038886497345,
            "auc_pr": 0.1739201949148975
          },
          "var0.99_k34": {
            "f1_non_pa": 0.08131802513367532,
            "f1_pa": 0.8017527057607065,
            "auc_pr": 0.19290218944665405
          }
        }
      },
      "seed456": {
        "var_thresholds_to_k": {
          "0.9": 11,
          "0.95": 15,
          "0.99": 34
        },
        "metrics": {
          "var0.9_k11": {
            "f1_non_pa": 0.250657918454162,
            "f1_pa": 0.647999164141678,
            "auc_pr": 0.20856888999480375
          },
          "var0.95_k15": {
            "f1_non_pa": 0.15794905820339858,
            "f1_pa": 0.6901346613806887,
            "auc_pr": 0.18410911227129123
          },
          "var0.99_k34": {
            "f1_non_pa": 0.09059178169125813,
            "f1_pa": 0.7143353126029324,
            "auc_pr": 0.1813666612745587
          }
        }
      },
      "aggregate": {
        "var0.9": {
          "k_values": [
            8,
            10,
            11
          ],
          "k_mean": 9.666666666666666
        },
        "var0.95": {
          "k_values": [
            10,
            15,
            15
          ],
          "k_mean": 13.333333333333334
        },
        "var0.99": {
          "k_values": [
            21,
            34,
            34
          ],
          "k_mean": 29.666666666666668
        }
      }
    },
    "msl": {
      "seed42": {
        "var_thresholds_to_k": {
          "0.9": 37,
          "0.95": 54,
          "0.99": 105
        },
        "metrics": {
          "var0.9_k37": {
            "f1_non_pa": 0.04576751721344674,
            "f1_pa": 0.4678891799634834,
            "auc_pr": 0.150423052912392
          },
          "var0.95_k54": {
            "f1_non_pa": 0.09404150009518371,
            "f1_pa": 0.5996223512133716,
            "auc_pr": 0.1566372183929096
          },
          "var0.99_k105": {
            "f1_non_pa": 0.11337392399748059,
            "f1_pa": 0.5837667454688731,
            "auc_pr": 0.1854008280253224
          }
        }
      },
      "seed123": {
        "var_thresholds_to_k": {
          "0.9": 35,
          "0.95": 52,
          "0.99": 101
        },
        "metrics": {
          "var0.9_k35": {
            "f1_non_pa": 0.09928945400149589,
            "f1_pa": 0.5833739809072539,
            "auc_pr": 0.1590090830445524
          },
          "var0.95_k52": {
            "f1_non_pa": 0.15578663585595995,
            "f1_pa": 0.5237764932562621,
            "auc_pr": 0.19986956604137684
          },
          "var0.99_k101": {
            "f1_non_pa": 0.12025710138917686,
            "f1_pa": 0.7645134914145544,
            "auc_pr": 0.20052045601920976
          }
        }
      },
      "seed456": {
        "var_thresholds_to_k": {
          "0.9": 37,
          "0.95": 54,
          "0.99": 107
        },
        "metrics": {
          "var0.9_k37": {
            "f1_non_pa": 0.15244575211474806,
            "f1_pa": 0.5644066585696935,
            "auc_pr": 0.17624816738391352
          },
          "var0.95_k54": {
            "f1_non_pa": 0.17065811804638883,
            "f1_pa": 0.6003462703794546,
            "auc_pr": 0.22000203355898368
          },
          "var0.99_k107": {
            "f1_non_pa": 0.11921223549130526,
            "f1_pa": 0.6638386544615613,
            "auc_pr": 0.21050693582268248
          }
        }
      },
      "aggregate": {
        "var0.9": {
          "k_values": [
            37,
            35,
            37
          ],
          "k_mean": 36.333333333333336
        },
        "var0.95": {
          "k_values": [
            54,
            52,
            54
          ],
          "k_mean": 53.333333333333336
        },
        "var0.99": {
          "k_values": [
            105,
            101,
            107
          ],
          "k_mean": 104.33333333333333
        }
      }
    },
    "random_init_msl": {
      "per_seed": [
        {
          "seed": 0,
          "k10": {
            "f1_non_pa": 0.08486371544558284,
            "f1_pa": 0.6166305941492704,
            "auc_pr": 0.13552196045473025
          },
          "k100": {
            "f1_non_pa": 0.13987431583215082,
            "f1_pa": 0.6391813732759899,
            "auc_pr": 0.27797358836641967
          }
        },
        {
          "seed": 1,
          "k10": {
            "f1_non_pa": 0.08696494286267674,
            "f1_pa": 0.6199524940617577,
            "auc_pr": 0.11683669932862685
          },
          "k100": {
            "f1_non_pa": 0.13228930558417473,
            "f1_pa": 0.5765213977228112,
            "auc_pr": 0.28298916342740077
          }
        },
        {
          "seed": 2,
          "k10": {
            "f1_non_pa": 0.08655478031303036,
            "f1_pa": 0.5930393788130893,
            "auc_pr": 0.1407182285252881
          },
          "k100": {
            "f1_non_pa": 0.14440138690597593,
            "f1_pa": 0.6530461174032127,
            "auc_pr": 0.2549631805928484
          }
        }
      ],
      "k10_pa_mean": 0.6098741556747057,
      "k10_pa_std": 0.011980986012357484,
      "k100_pa_mean": 0.6229162961340046,
      "k100_pa_std": 0.033290866929405305
    }
  },
  "runtime_min": 0.44300973812739053
}