{
  "config": "v18_phase1c_50pct",
  "budget": 0.5,
  "seeds": [
    0,
    1,
    2,
    3,
    4
  ],
  "frozen": {
    "test_rmse": {
      "mean": 17.578275299072267,
      "std": 0.4715898570993444,
      "per_seed": [
        16.712024688720703,
        17.63901710510254,
        17.797794342041016,
        18.13397216796875,
        17.60856819152832
      ]
    },
    "per_seed_raw": [
      {
        "mode": "frozen",
        "seed": 0,
        "val_rmse": 16.5423641204834,
        "test_rmse": 16.712024688720703,
        "f1_by_k": {
          "10": {
            "f1": 0.7368421052631579,
            "auc_pr": 0.8474489795918367
          },
          "20": {
            "f1": 0.6451612903225806,
            "auc_pr": 0.7823609739779274
          },
          "30": {
            "f1": 0.9259259259259259,
            "auc_pr": 0.9517455323097805
          },
          "50": {
            "f1": 0.8787878787878788,
            "auc_pr": 0.9687059871496146
          }
        }
      },
      {
        "mode": "frozen",
        "seed": 1,
        "val_rmse": 14.241781234741211,
        "test_rmse": 17.63901710510254,
        "f1_by_k": {
          "10": {
            "f1": 0.5882352941176471,
            "auc_pr": 0.49717841682127395
          },
          "20": {
            "f1": 0.7272727272727273,
            "auc_pr": 0.6667158127119511
          },
          "30": {
            "f1": 0.9259259259259259,
            "auc_pr": 0.9254144257471488
          },
          "50": {
            "f1": 0.927536231884058,
            "auc_pr": 0.9832048639987817
          }
        }
      },
      {
        "mode": "frozen",
        "seed": 2,
        "val_rmse": 15.803890228271484,
        "test_rmse": 17.797794342041016,
        "f1_by_k": {
          "10": {
            "f1": 0.6666666666666666,
            "auc_pr": 0.7760792778649921
          },
          "20": {
            "f1": 0.7647058823529411,
            "auc_pr": 0.847070211233667
          },
          "30": {
            "f1": 0.9056603773584906,
            "auc_pr": 0.9537819358881546
          },
          "50": {
            "f1": 0.8787878787878788,
            "auc_pr": 0.9722086640836642
          }
        }
      },
      {
        "mode": "frozen",
        "seed": 3,
        "val_rmse": 16.862192153930664,
        "test_rmse": 18.13397216796875,
        "f1_by_k": {
          "10": {
            "f1": 0.7368421052631579,
            "auc_pr": 0.7539888682745826
          },
          "20": {
            "f1": 0.8333333333333334,
            "auc_pr": 0.8802341959511077
          },
          "30": {
            "f1": 0.8846153846153846,
            "auc_pr": 0.958777393365742
          },
          "50": {
            "f1": 0.8955223880597015,
            "auc_pr": 0.954667150185815
          }
        }
      },
      {
        "mode": "frozen",
        "seed": 4,
        "val_rmse": 16.068567276000977,
        "test_rmse": 17.60856819152832,
        "f1_by_k": {
          "10": {
            "f1": 0.7368421052631579,
            "auc_pr": 0.8665768194070081
          },
          "20": {
            "f1": 0.7647058823529411,
            "auc_pr": 0.8181912290607943
          },
          "30": {
            "f1": 0.9056603773584906,
            "auc_pr": 0.9206983625070582
          },
          "50": {
            "f1": 0.8787878787878788,
            "auc_pr": 0.9671530745098815
          }
        }
      }
    ]
  },
  "e2e": {
    "test_rmse": {
      "mean": 15.846902847290039,
      "std": 0.5490851874856326,
      "per_seed": [
        15.750850677490234,
        15.543268203735352,
        15.037248611450195,
        16.549705505371094,
        16.35344123840332
      ]
    },
    "per_seed_raw": [
      {
        "mode": "e2e",
        "seed": 0,
        "val_rmse": 14.300702095031738,
        "test_rmse": 15.750850677490234,
        "f1_by_k": {
          "10": {
            "f1": 0.7368421052631579,
            "auc_pr": 0.8630102040816326
          },
          "20": {
            "f1": 0.8,
            "auc_pr": 0.9095116680493773
          },
          "30": {
            "f1": 0.9056603773584906,
            "auc_pr": 0.9638481773382838
          },
          "50": {
            "f1": 0.927536231884058,
            "auc_pr": 0.9804607694099142
          }
        }
      },
      {
        "mode": "e2e",
        "seed": 1,
        "val_rmse": 12.570255279541016,
        "test_rmse": 15.543268203735352,
        "f1_by_k": {
          "10": {
            "f1": 0.7368421052631579,
            "auc_pr": 0.5471890643049673
          },
          "20": {
            "f1": 0.7647058823529411,
            "auc_pr": 0.6863624052222997
          },
          "30": {
            "f1": 0.9259259259259259,
            "auc_pr": 0.9407281541202998
          },
          "50": {
            "f1": 0.927536231884058,
            "auc_pr": 0.9781339009215576
          }
        }
      },
      {
        "mode": "e2e",
        "seed": 2,
        "val_rmse": 13.22118854522705,
        "test_rmse": 15.037248611450195,
        "f1_by_k": {
          "10": {
            "f1": 0.7368421052631579,
            "auc_pr": 0.7247699079631854
          },
          "20": {
            "f1": 0.7647058823529411,
            "auc_pr": 0.8406696504772877
          },
          "30": {
            "f1": 0.9056603773584906,
            "auc_pr": 0.9633817663923805
          },
          "50": {
            "f1": 0.9117647058823529,
            "auc_pr": 0.9735655844335876
          }
        }
      },
      {
        "mode": "e2e",
        "seed": 3,
        "val_rmse": 13.291184425354004,
        "test_rmse": 16.549705505371094,
        "f1_by_k": {
          "10": {
            "f1": 0.7368421052631579,
            "auc_pr": 0.9264318630678077
          },
          "20": {
            "f1": 0.7647058823529411,
            "auc_pr": 0.8682919000933706
          },
          "30": {
            "f1": 0.8846153846153846,
            "auc_pr": 0.9615017267922816
          },
          "50": {
            "f1": 0.8955223880597015,
            "auc_pr": 0.9728739451960259
          }
        }
      },
      {
        "mode": "e2e",
        "seed": 4,
        "val_rmse": 13.736641883850098,
        "test_rmse": 16.35344123840332,
        "f1_by_k": {
          "10": {
            "f1": 0.7368421052631579,
            "auc_pr": 0.827687074829932
          },
          "20": {
            "f1": 0.7647058823529411,
            "auc_pr": 0.9118712474770659
          },
          "30": {
            "f1": 0.9056603773584906,
            "auc_pr": 0.9493910866874973
          },
          "50": {
            "f1": 0.927536231884058,
            "auc_pr": 0.9857719916543446
          }
        }
      }
    ]
  },
  "runtime_min": 1.83499725262324
}