{
  "config": "v18_phase1a_honest_probe_existing_v17_ckpts",
  "arch": {
    "d_model": 256,
    "n_heads": 4,
    "n_layers": 2,
    "d_ff": 1024,
    "predictor_hidden": 1024
  },
  "seeds": [
    42,
    123,
    456
  ],
  "k_eval_list": [
    10,
    20,
    30,
    50
  ],
  "per_seed": [
    {
      "seed": 42,
      "val_rmse": 15.226755142211914,
      "test_rmse": 17.46526336669922,
      "f1_by_k": {
        "10": {
          "f1": 0.7368421052631579,
          "auc_pr": 0.937046004842615,
          "precision": 0.5833333333333334,
          "recall": 1.0
        },
        "20": {
          "f1": 0.8,
          "auc_pr": 0.9051820438333597,
          "precision": 0.7368421052631579,
          "recall": 0.875
        },
        "30": {
          "f1": 0.9259259259259259,
          "auc_pr": 0.967182421955036,
          "precision": 0.8620689655172413,
          "recall": 1.0
        },
        "50": {
          "f1": 0.8955223880597015,
          "auc_pr": 0.9770257248321864,
          "precision": 0.8823529411764706,
          "recall": 0.9090909090909091
        }
      }
    },
    {
      "seed": 123,
      "val_rmse": 11.408782005310059,
      "test_rmse": 15.762101173400879,
      "f1_by_k": {
        "10": {
          "f1": 0.7368421052631579,
          "auc_pr": 0.9026610644257703,
          "precision": 0.5833333333333334,
          "recall": 1.0
        },
        "20": {
          "f1": 0.8,
          "auc_pr": 0.893299276999201,
          "precision": 0.7368421052631579,
          "recall": 0.875
        },
        "30": {
          "f1": 0.9056603773584906,
          "auc_pr": 0.9800426158333004,
          "precision": 0.8571428571428571,
          "recall": 0.96
        },
        "50": {
          "f1": 0.927536231884058,
          "auc_pr": 0.9826648149705122,
          "precision": 0.8888888888888888,
          "recall": 0.9696969696969697
        }
      }
    },
    {
      "seed": 456,
      "val_rmse": 14.342595100402832,
      "test_rmse": 13.364954948425293,
      "f1_by_k": {
        "10": {
          "f1": 0.6666666666666666,
          "auc_pr": 0.8689497010925582,
          "precision": 0.5454545454545454,
          "recall": 0.8571428571428571
        },
        "20": {
          "f1": 0.8648648648648649,
          "auc_pr": 0.8994377222066009,
          "precision": 0.7619047619047619,
          "recall": 1.0
        },
        "30": {
          "f1": 0.9259259259259259,
          "auc_pr": 0.9738804374369592,
          "precision": 0.8620689655172413,
          "recall": 1.0
        },
        "50": {
          "f1": 0.9428571428571428,
          "auc_pr": 0.9920816557180194,
          "precision": 0.8918918918918919,
          "recall": 1.0
        }
      }
    }
  ],
  "agg": {
    "test_rmse": {
      "mean": 15.530773162841797,
      "std": 1.681916915822325,
      "per_seed": [
        17.46526336669922,
        15.762101173400879,
        13.364954948425293
      ]
    },
    "val_rmse": {
      "mean": 13.659377415974935,
      "std": 1.6318332271328693,
      "per_seed": [
        15.226755142211914,
        11.408782005310059,
        14.342595100402832
      ]
    },
    "f1_by_k": {
      "10": {
        "f1_mean": 0.7134502923976608,
        "f1_std": 0.033081019002879415,
        "auc_pr_mean": 0.9028855901203144,
        "precision_mean": 0.5707070707070707,
        "recall_mean": 0.9523809523809524
      },
      "20": {
        "f1_mean": 0.8216216216216217,
        "f1_std": 0.03057759053779665,
        "auc_pr_mean": 0.8993063476797206,
        "precision_mean": 0.7451963241436926,
        "recall_mean": 0.9166666666666666
      },
      "30": {
        "f1_mean": 0.9191707430701141,
        "f1_std": 0.009553271210999238,
        "auc_pr_mean": 0.9737018250750985,
        "precision_mean": 0.8604269293924466,
        "recall_mean": 0.9866666666666667
      },
      "50": {
        "f1_mean": 0.921971920933634,
        "f1_std": 0.01972081675452327,
        "auc_pr_mean": 0.9839240651735727,
        "precision_mean": 0.8877112406524171,
        "recall_mean": 0.9595959595959597
      }
    }
  },
  "runtime_minutes": 1.0160577615102133
}