{
  "config": "v18_phase4i_msl_multiseed",
  "n_epochs": 150,
  "seeds": [
    42,
    123,
    456
  ],
  "results": {
    "42": {
      "k10": {
        "f1_non_pa": 0.0,
        "f1_pa": 0.0,
        "auc_pr": 0.08735806478155908
      },
      "k20": {
        "f1_non_pa": 0.04754601226993865,
        "f1_pa": 0.20493537015276145,
        "auc_pr": 0.10640154766950324
      },
      "k50": {
        "f1_non_pa": 0.0998439937597504,
        "f1_pa": 0.6010050251256281,
        "auc_pr": 0.15697582265708
      },
      "k100": {
        "f1_non_pa": 0.09611712285168682,
        "f1_pa": 0.6418949598910246,
        "auc_pr": 0.18878146077344812
      }
    },
    "123": {
      "k10": {
        "f1_non_pa": 0.01647834274952919,
        "f1_pa": 0.1434394623774375,
        "auc_pr": 0.09055525487783318
      },
      "k20": {
        "f1_non_pa": 0.05557930739632321,
        "f1_pa": 0.3729541185940435,
        "auc_pr": 0.12929536216752757
      },
      "k50": {
        "f1_non_pa": 0.14908879410624273,
        "f1_pa": 0.6317448943031172,
        "auc_pr": 0.20511357252975568
      },
      "k100": {
        "f1_non_pa": 0.12013256006628004,
        "f1_pa": 0.7639929184257116,
        "auc_pr": 0.20214357172514213
      }
    },
    "456": {
      "k10": {
        "f1_non_pa": 0.022809394760614273,
        "f1_pa": 0.1364410387398893,
        "auc_pr": 0.08691061313675702
      },
      "k20": {
        "f1_non_pa": 0.0663441603317208,
        "f1_pa": 0.43007434422780194,
        "auc_pr": 0.12045446878773436
      },
      "k50": {
        "f1_non_pa": 0.16025272831705917,
        "f1_pa": 0.573062073062073,
        "auc_pr": 0.21400611486239735
      },
      "k100": {
        "f1_non_pa": 0.1329034941763727,
        "f1_pa": 0.7151853442106769,
        "auc_pr": 0.21168706680071428
      }
    }
  },
  "aggregate": {
    "k10": {
      "pa_per_seed": [
        0.0,
        0.1434394623774375,
        0.1364410387398893
      ],
      "pa_mean": 0.09329350037244226,
      "pa_std": 0.06603030815294753,
      "non_pa_mean": 0.013095912503381152
    },
    "k20": {
      "pa_per_seed": [
        0.20493537015276145,
        0.3729541185940435,
        0.43007434422780194
      ],
      "pa_mean": 0.33598794432486895,
      "pa_std": 0.09555718337541723,
      "non_pa_mean": 0.056489826665994225
    },
    "k50": {
      "pa_per_seed": [
        0.6010050251256281,
        0.6317448943031172,
        0.573062073062073
      ],
      "pa_mean": 0.6019373308302728,
      "pa_std": 0.02396623002820526,
      "non_pa_mean": 0.13639517206101745
    },
    "k100": {
      "pa_per_seed": [
        0.6418949598910246,
        0.7639929184257116,
        0.7151853442106769
      ],
      "pa_mean": 0.7070244075091376,
      "pa_std": 0.05017920243467029,
      "non_pa_mean": 0.11638439236477986
    }
  },
  "runtime_min": 57.18262893358867
}