{
  "5": {
    "n_cuts": 5,
    "mean_rmse": 14.49554496376911,
    "std_rmse": 0.7714073340829488,
    "per_seed_rmse": [
      14.560664327224139,
      15.905837617814079,
      14.180575769378454,
      13.591548084052679,
      14.239099020376203
    ]
  },
  "10": {
    "n_cuts": 10,
    "mean_rmse": 14.177391793856046,
    "std_rmse": 0.7157134009529792,
    "per_seed_rmse": [
      14.533807090100652,
      14.176590618601466,
      14.667160914208024,
      12.796319859160864,
      14.713080487209226
    ]
  },
  "20": {
    "n_cuts": 20,
    "mean_rmse": 14.626096866620083,
    "std_rmse": 0.7489393088740616,
    "per_seed_rmse": [
      14.749373672198818,
      14.736994416879034,
      15.582753968248364,
      13.271463641284324,
      14.789898634489871
    ]
  }
}